record_id,region,period,product,revenue,unit,scope,status
R01-202401-A,区域01,2024-01,核心业务,70,万元,合并经营收入,synthetic
R01-202401-B,区域01,2024-01,试点业务,6,万元,合并经营收入,synthetic
R01-202402-A,区域01,2024-02,核心业务,73,万元,合并经营收入,synthetic
R01-202402-B,区域01,2024-02,试点业务,6,万元,合并经营收入,synthetic
R01-202403-A,区域01,2024-03,核心业务,76,万元,合并经营收入,synthetic
R01-202403-B,区域01,2024-03,试点业务,6,万元,合并经营收入,synthetic
R01-202404-A,区域01,2024-04,核心业务,79,万元,合并经营收入,synthetic
R01-202404-B,区域01,2024-04,试点业务,6,万元,合并经营收入,synthetic
R01-202405-A,区域01,2024-05,核心业务,82,万元,合并经营收入,synthetic
R01-202405-B,区域01,2024-05,试点业务,7,万元,合并经营收入,synthetic
R01-202406-A,区域01,2024-06,核心业务,85,万元,合并经营收入,synthetic
R01-202406-B,区域01,2024-06,试点业务,7,万元,合并经营收入,synthetic
R01-202407-A,区域01,2024-07,核心业务,88,万元,合并经营收入,synthetic
R01-202407-B,区域01,2024-07,试点业务,7,万元,合并经营收入,synthetic
R01-202408-A,区域01,2024-08,核心业务,91,万元,合并经营收入,synthetic
R01-202408-B,区域01,2024-08,试点业务,7,万元,合并经营收入,synthetic
R01-202409-A,区域01,2024-09,核心业务,94,万元,合并经营收入,synthetic
R01-202409-B,区域01,2024-09,试点业务,8,万元,合并经营收入,synthetic
R01-202410-A,区域01,2024-10,核心业务,97,万元,合并经营收入,synthetic
R01-202410-B,区域01,2024-10,试点业务,8,万元,合并经营收入,synthetic
R01-202411-A,区域01,2024-11,核心业务,100,万元,合并经营收入,synthetic
R01-202411-B,区域01,2024-11,试点业务,8,万元,合并经营收入,synthetic
R01-202412-A,区域01,2024-12,核心业务,103,万元,合并经营收入,synthetic
R01-202412-B,区域01,2024-12,试点业务,8,万元,合并经营收入,synthetic
R01-202501-A,区域01,2025-01,核心业务,68,万元,合并经营收入,synthetic
R01-202501-B,区域01,2025-01,试点业务,7,万元,合并经营收入,synthetic
R01-202502-A,区域01,2025-02,核心业务,70,万元,合并经营收入,synthetic
R01-202502-B,区域01,2025-02,试点业务,7,万元,合并经营收入,synthetic
R01-202503-A,区域01,2025-03,核心业务,73,万元,合并经营收入,synthetic
R01-202503-B,区域01,2025-03,试点业务,8,万元,合并经营收入,synthetic
R01-202504-A,区域01,2025-04,核心业务,76,万元,合并经营收入,synthetic
R01-202504-B,区域01,2025-04,试点业务,8,万元,合并经营收入,synthetic
R01-202505-A,区域01,2025-05,核心业务,79,万元,合并经营收入,synthetic
R01-202505-B,区域01,2025-05,试点业务,8,万元,合并经营收入,synthetic
R01-202506-A,区域01,2025-06,核心业务,82,万元,合并经营收入,synthetic
R01-202506-B,区域01,2025-06,试点业务,9,万元,合并经营收入,synthetic
R01-202507-A,区域01,2025-07,核心业务,85,万元,合并经营收入,synthetic
R01-202507-B,区域01,2025-07,试点业务,9,万元,合并经营收入,synthetic
R01-202508-A,区域01,2025-08,核心业务,88,万元,合并经营收入,synthetic
R01-202508-B,区域01,2025-08,试点业务,9,万元,合并经营收入,synthetic
R01-202509-A,区域01,2025-09,核心业务,91,万元,合并经营收入,synthetic
R01-202509-B,区域01,2025-09,试点业务,9,万元,合并经营收入,synthetic
R01-202510-A,区域01,2025-10,核心业务,94,万元,合并经营收入,synthetic
R01-202510-B,区域01,2025-10,试点业务,10,万元,合并经营收入,synthetic
R01-202511-A,区域01,2025-11,核心业务,97,万元,合并经营收入,synthetic
R01-202511-B,区域01,2025-11,试点业务,10,万元,合并经营收入,synthetic
R01-202512-A,区域01,2025-12,核心业务,99,万元,合并经营收入,synthetic
R01-202512-B,区域01,2025-12,试点业务,10,万元,合并经营收入,synthetic
R02-202401-A,区域02,2024-01,核心业务,77,万元,合并经营收入,synthetic
R02-202401-B,区域02,2024-01,试点业务,6,万元,合并经营收入,synthetic
R02-202402-A,区域02,2024-02,核心业务,80,万元,合并经营收入,synthetic
R02-202402-B,区域02,2024-02,试点业务,6,万元,合并经营收入,synthetic
R02-202403-A,区域02,2024-03,核心业务,83,万元,合并经营收入,synthetic
R02-202403-B,区域02,2024-03,试点业务,7,万元,合并经营收入,synthetic
R02-202404-A,区域02,2024-04,核心业务,86,万元,合并经营收入,synthetic
R02-202404-B,区域02,2024-04,试点业务,7,万元,合并经营收入,synthetic
R02-202405-A,区域02,2024-05,核心业务,89,万元,合并经营收入,synthetic
R02-202405-B,区域02,2024-05,试点业务,7,万元,合并经营收入,synthetic
R02-202406-A,区域02,2024-06,核心业务,92,万元,合并经营收入,synthetic
R02-202406-B,区域02,2024-06,试点业务,7,万元,合并经营收入,synthetic
R02-202407-A,区域02,2024-07,核心业务,95,万元,合并经营收入,synthetic
R02-202407-B,区域02,2024-07,试点业务,8,万元,合并经营收入,synthetic
R02-202408-A,区域02,2024-08,核心业务,98,万元,合并经营收入,synthetic
R02-202408-B,区域02,2024-08,试点业务,8,万元,合并经营收入,synthetic
R02-202409-A,区域02,2024-09,核心业务,101,万元,合并经营收入,synthetic
R02-202409-B,区域02,2024-09,试点业务,8,万元,合并经营收入,synthetic
R02-202410-A,区域02,2024-10,核心业务,104,万元,合并经营收入,synthetic
R02-202410-B,区域02,2024-10,试点业务,8,万元,合并经营收入,synthetic
R02-202411-A,区域02,2024-11,核心业务,107,万元,合并经营收入,synthetic
R02-202411-B,区域02,2024-11,试点业务,9,万元,合并经营收入,synthetic
R02-202412-A,区域02,2024-12,核心业务,110,万元,合并经营收入,synthetic
R02-202412-B,区域02,2024-12,试点业务,9,万元,合并经营收入,synthetic
R02-202501-A,区域02,2025-01,核心业务,77,万元,合并经营收入,synthetic
R02-202501-B,区域02,2025-01,试点业务,8,万元,合并经营收入,synthetic
R02-202502-A,区域02,2025-02,核心业务,80,万元,合并经营收入,synthetic
R02-202502-B,区域02,2025-02,试点业务,8,万元,合并经营收入,synthetic
R02-202503-A,区域02,2025-03,核心业务,83,万元,合并经营收入,synthetic
R02-202503-B,区域02,2025-03,试点业务,8,万元,合并经营收入,synthetic
R02-202504-A,区域02,2025-04,核心业务,86,万元,合并经营收入,synthetic
R02-202504-B,区域02,2025-04,试点业务,9,万元,合并经营收入,synthetic
R02-202505-A,区域02,2025-05,核心业务,89,万元,合并经营收入,synthetic
R02-202505-B,区域02,2025-05,试点业务,9,万元,合并经营收入,synthetic
R02-202506-A,区域02,2025-06,核心业务,92,万元,合并经营收入,synthetic
R02-202506-B,区域02,2025-06,试点业务,9,万元,合并经营收入,synthetic
R02-202507-A,区域02,2025-07,核心业务,95,万元,合并经营收入,synthetic
R02-202507-B,区域02,2025-07,试点业务,10,万元,合并经营收入,synthetic
R02-202508-A,区域02,2025-08,核心业务,98,万元,合并经营收入,synthetic
R02-202508-B,区域02,2025-08,试点业务,10,万元,合并经营收入,synthetic
R02-202509-A,区域02,2025-09,核心业务,101,万元,合并经营收入,synthetic
R02-202509-B,区域02,2025-09,试点业务,10,万元,合并经营收入,synthetic
R02-202510-A,区域02,2025-10,核心业务,104,万元,合并经营收入,synthetic
R02-202510-B,区域02,2025-10,试点业务,10,万元,合并经营收入,synthetic
R02-202511-A,区域02,2025-11,核心业务,107,万元,合并经营收入,synthetic
R02-202511-B,区域02,2025-11,试点业务,11,万元,合并经营收入,synthetic
R02-202512-A,区域02,2025-12,核心业务,110,万元,合并经营收入,synthetic
R02-202512-B,区域02,2025-12,试点业务,11,万元,合并经营收入,synthetic
R03-202401-A,区域03,2024-01,核心业务,84,万元,合并经营收入,synthetic
R03-202401-B,区域03,2024-01,试点业务,7,万元,合并经营收入,synthetic
R03-202402-A,区域03,2024-02,核心业务,87,万元,合并经营收入,synthetic
R03-202402-B,区域03,2024-02,试点业务,7,万元,合并经营收入,synthetic
R03-202403-A,区域03,2024-03,核心业务,90,万元,合并经营收入,synthetic
R03-202403-B,区域03,2024-03,试点业务,7,万元,合并经营收入,synthetic
R03-202404-A,区域03,2024-04,核心业务,93,万元,合并经营收入,synthetic
R03-202404-B,区域03,2024-04,试点业务,7,万元,合并经营收入,synthetic
R03-202405-A,区域03,2024-05,核心业务,96,万元,合并经营收入,synthetic
R03-202405-B,区域03,2024-05,试点业务,8,万元,合并经营收入,synthetic
R03-202406-A,区域03,2024-06,核心业务,99,万元,合并经营收入,synthetic
R03-202406-B,区域03,2024-06,试点业务,8,万元,合并经营收入,synthetic
R03-202407-A,区域03,2024-07,核心业务,102,万元,合并经营收入,synthetic
R03-202407-B,区域03,2024-07,试点业务,8,万元,合并经营收入,synthetic
R03-202408-A,区域03,2024-08,核心业务,105,万元,合并经营收入,synthetic
R03-202408-B,区域03,2024-08,试点业务,8,万元,合并经营收入,synthetic
R03-202409-A,区域03,2024-09,核心业务,108,万元,合并经营收入,synthetic
R03-202409-B,区域03,2024-09,试点业务,9,万元,合并经营收入,synthetic
R03-202410-A,区域03,2024-10,核心业务,111,万元,合并经营收入,synthetic
R03-202410-B,区域03,2024-10,试点业务,9,万元,合并经营收入,synthetic
R03-202411-A,区域03,2024-11,核心业务,114,万元,合并经营收入,synthetic
R03-202411-B,区域03,2024-11,试点业务,9,万元,合并经营收入,synthetic
R03-202412-A,区域03,2024-12,核心业务,117,万元,合并经营收入,synthetic
R03-202412-B,区域03,2024-12,试点业务,9,万元,合并经营收入,synthetic
R03-202501-A,区域03,2025-01,核心业务,87,万元,合并经营收入,synthetic
R03-202501-B,区域03,2025-01,试点业务,8,万元,合并经营收入,synthetic
R03-202502-A,区域03,2025-02,核心业务,90,万元,合并经营收入,synthetic
R03-202502-B,区域03,2025-02,试点业务,9,万元,合并经营收入,synthetic
R03-202503-A,区域03,2025-03,核心业务,93,万元,合并经营收入,synthetic
R03-202503-B,区域03,2025-03,试点业务,9,万元,合并经营收入,synthetic
R03-202504-A,区域03,2025-04,核心业务,96,万元,合并经营收入,synthetic
R03-202504-B,区域03,2025-04,试点业务,9,万元,合并经营收入,synthetic
R03-202505-A,区域03,2025-05,核心业务,99,万元,合并经营收入,synthetic
R03-202505-B,区域03,2025-05,试点业务,10,万元,合并经营收入,synthetic
R03-202506-A,区域03,2025-06,核心业务,102,万元,合并经营收入,synthetic
R03-202506-B,区域03,2025-06,试点业务,10,万元,合并经营收入,synthetic
R03-202507-A,区域03,2025-07,核心业务,106,万元,合并经营收入,synthetic
R03-202507-B,区域03,2025-07,试点业务,10,万元,合并经营收入,synthetic
R03-202508-A,区域03,2025-08,核心业务,109,万元,合并经营收入,synthetic
R03-202508-B,区域03,2025-08,试点业务,11,万元,合并经营收入,synthetic
R03-202509-A,区域03,2025-09,核心业务,112,万元,合并经营收入,synthetic
R03-202509-B,区域03,2025-09,试点业务,11,万元,合并经营收入,synthetic
R03-202510-A,区域03,2025-10,核心业务,115,万元,合并经营收入,synthetic
R03-202510-B,区域03,2025-10,试点业务,11,万元,合并经营收入,synthetic
R03-202511-A,区域03,2025-11,核心业务,118,万元,合并经营收入,synthetic
R03-202511-B,区域03,2025-11,试点业务,11,万元,合并经营收入,synthetic
R03-202512-A,区域03,2025-12,核心业务,121,万元,合并经营收入,synthetic
R03-202512-B,区域03,2025-12,试点业务,12,万元,合并经营收入,synthetic
R04-202401-A,区域04,2024-01,核心业务,91,万元,合并经营收入,synthetic
R04-202401-B,区域04,2024-01,试点业务,7,万元,合并经营收入,synthetic
R04-202402-A,区域04,2024-02,核心业务,94,万元,合并经营收入,synthetic
R04-202402-B,区域04,2024-02,试点业务,8,万元,合并经营收入,synthetic
R04-202403-A,区域04,2024-03,核心业务,97,万元,合并经营收入,synthetic
R04-202403-B,区域04,2024-03,试点业务,8,万元,合并经营收入,synthetic
R04-202404-A,区域04,2024-04,核心业务,100,万元,合并经营收入,synthetic
R04-202404-B,区域04,2024-04,试点业务,8,万元,合并经营收入,synthetic
R04-202405-A,区域04,2024-05,核心业务,103,万元,合并经营收入,synthetic
R04-202405-B,区域04,2024-05,试点业务,8,万元,合并经营收入,synthetic
R04-202406-A,区域04,2024-06,核心业务,106,万元,合并经营收入,synthetic
R04-202406-B,区域04,2024-06,试点业务,8,万元,合并经营收入,synthetic
R04-202407-A,区域04,2024-07,核心业务,109,万元,合并经营收入,synthetic
R04-202407-B,区域04,2024-07,试点业务,9,万元,合并经营收入,synthetic
R04-202408-A,区域04,2024-08,核心业务,112,万元,合并经营收入,synthetic
R04-202408-B,区域04,2024-08,试点业务,9,万元,合并经营收入,synthetic
R04-202409-A,区域04,2024-09,核心业务,115,万元,合并经营收入,synthetic
R04-202409-B,区域04,2024-09,试点业务,9,万元,合并经营收入,synthetic
R04-202410-A,区域04,2024-10,核心业务,118,万元,合并经营收入,synthetic
R04-202410-B,区域04,2024-10,试点业务,9,万元,合并经营收入,synthetic
R04-202411-A,区域04,2024-11,核心业务,121,万元,合并经营收入,synthetic
R04-202411-B,区域04,2024-11,试点业务,10,万元,合并经营收入,synthetic
R04-202412-A,区域04,2024-12,核心业务,124,万元,合并经营收入,synthetic
R04-202412-B,区域04,2024-12,试点业务,10,万元,合并经营收入,synthetic
R04-202501-A,区域04,2025-01,核心业务,97,万元,合并经营收入,synthetic
R04-202501-B,区域04,2025-01,试点业务,9,万元,合并经营收入,synthetic
R04-202502-A,区域04,2025-02,核心业务,101,万元,合并经营收入,synthetic
R04-202502-B,区域04,2025-02,试点业务,9,万元,合并经营收入,synthetic
R04-202503-A,区域04,2025-03,核心业务,104,万元,合并经营收入,synthetic
R04-202503-B,区域04,2025-03,试点业务,10,万元,合并经营收入,synthetic
R04-202504-A,区域04,2025-04,核心业务,107,万元,合并经营收入,synthetic
R04-202504-B,区域04,2025-04,试点业务,10,万元,合并经营收入,synthetic
R04-202505-A,区域04,2025-05,核心业务,110,万元,合并经营收入,synthetic
R04-202505-B,区域04,2025-05,试点业务,10,万元,合并经营收入,synthetic
R04-202506-A,区域04,2025-06,核心业务,113,万元,合并经营收入,synthetic
R04-202506-B,区域04,2025-06,试点业务,11,万元,合并经营收入,synthetic
R04-202507-A,区域04,2025-07,核心业务,117,万元,合并经营收入,synthetic
R04-202507-B,区域04,2025-07,试点业务,11,万元,合并经营收入,synthetic
R04-202508-A,区域04,2025-08,核心业务,120,万元,合并经营收入,synthetic
R04-202508-B,区域04,2025-08,试点业务,11,万元,合并经营收入,synthetic
R04-202509-A,区域04,2025-09,核心业务,123,万元,合并经营收入,synthetic
R04-202509-B,区域04,2025-09,试点业务,12,万元,合并经营收入,synthetic
R04-202510-A,区域04,2025-10,核心业务,126,万元,合并经营收入,synthetic
R04-202510-B,区域04,2025-10,试点业务,12,万元,合并经营收入,synthetic
R04-202511-A,区域04,2025-11,核心业务,129,万元,合并经营收入,synthetic
R04-202511-B,区域04,2025-11,试点业务,12,万元,合并经营收入,synthetic
R04-202512-A,区域04,2025-12,核心业务,133,万元,合并经营收入,synthetic
R04-202512-B,区域04,2025-12,试点业务,12,万元,合并经营收入,synthetic
R05-202401-A,区域05,2024-01,核心业务,98,万元,合并经营收入,synthetic
R05-202401-B,区域05,2024-01,试点业务,8,万元,合并经营收入,synthetic
R05-202402-A,区域05,2024-02,核心业务,101,万元,合并经营收入,synthetic
R05-202402-B,区域05,2024-02,试点业务,8,万元,合并经营收入,synthetic
R05-202403-A,区域05,2024-03,核心业务,104,万元,合并经营收入,synthetic
R05-202403-B,区域05,2024-03,试点业务,8,万元,合并经营收入,synthetic
R05-202404-A,区域05,2024-04,核心业务,107,万元,合并经营收入,synthetic
R05-202404-B,区域05,2024-04,试点业务,9,万元,合并经营收入,synthetic
R05-202405-A,区域05,2024-05,核心业务,110,万元,合并经营收入,synthetic
R05-202405-B,区域05,2024-05,试点业务,9,万元,合并经营收入,synthetic
R05-202406-A,区域05,2024-06,核心业务,113,万元,合并经营收入,synthetic
R05-202406-B,区域05,2024-06,试点业务,9,万元,合并经营收入,synthetic
R05-202407-A,区域05,2024-07,核心业务,116,万元,合并经营收入,synthetic
R05-202407-B,区域05,2024-07,试点业务,9,万元,合并经营收入,synthetic
R05-202408-A,区域05,2024-08,核心业务,119,万元,合并经营收入,synthetic
R05-202408-B,区域05,2024-08,试点业务,10,万元,合并经营收入,synthetic
R05-202409-A,区域05,2024-09,核心业务,122,万元,合并经营收入,synthetic
R05-202409-B,区域05,2024-09,试点业务,10,万元,合并经营收入,synthetic
R05-202410-A,区域05,2024-10,核心业务,125,万元,合并经营收入,synthetic
R05-202410-B,区域05,2024-10,试点业务,10,万元,合并经营收入,synthetic
R05-202411-A,区域05,2024-11,核心业务,128,万元,合并经营收入,synthetic
R05-202411-B,区域05,2024-11,试点业务,10,万元,合并经营收入,synthetic
R05-202412-A,区域05,2024-12,核心业务,131,万元,合并经营收入,synthetic
R05-202412-B,区域05,2024-12,试点业务,10,万元,合并经营收入,synthetic
R05-202501-A,区域05,2025-01,核心业务,108,万元,合并经营收入,synthetic
R05-202501-B,区域05,2025-01,试点业务,10,万元,合并经营收入,synthetic
R05-202502-A,区域05,2025-02,核心业务,112,万元,合并经营收入,synthetic
R05-202502-B,区域05,2025-02,试点业务,10,万元,合并经营收入,synthetic
R05-202503-A,区域05,2025-03,核心业务,115,万元,合并经营收入,synthetic
R05-202503-B,区域05,2025-03,试点业务,10,万元,合并经营收入,synthetic
R05-202504-A,区域05,2025-04,核心业务,118,万元,合并经营收入,synthetic
R05-202504-B,区域05,2025-04,试点业务,11,万元,合并经营收入,synthetic
R05-202505-A,区域05,2025-05,核心业务,122,万元,合并经营收入,synthetic
R05-202505-B,区域05,2025-05,试点业务,11,万元,合并经营收入,synthetic
R05-202506-A,区域05,2025-06,核心业务,125,万元,合并经营收入,synthetic
R05-202506-B,区域05,2025-06,试点业务,11,万元,合并经营收入,synthetic
R05-202507-A,区域05,2025-07,核心业务,128,万元,合并经营收入,synthetic
R05-202507-B,区域05,2025-07,试点业务,12,万元,合并经营收入,synthetic
R05-202508-A,区域05,2025-08,核心业务,131,万元,合并经营收入,synthetic
R05-202508-B,区域05,2025-08,试点业务,12,万元,合并经营收入,synthetic
R05-202509-A,区域05,2025-09,核心业务,135,万元,合并经营收入,synthetic
R05-202509-B,区域05,2025-09,试点业务,12,万元,合并经营收入,synthetic
R05-202510-A,区域05,2025-10,核心业务,138,万元,合并经营收入,synthetic
R05-202510-B,区域05,2025-10,试点业务,13,万元,合并经营收入,synthetic
R05-202511-A,区域05,2025-11,核心业务,141,万元,合并经营收入,synthetic
R05-202511-B,区域05,2025-11,试点业务,13,万元,合并经营收入,synthetic
R05-202512-A,区域05,2025-12,核心业务,145,万元,合并经营收入,synthetic
R05-202512-B,区域05,2025-12,试点业务,13,万元,合并经营收入,synthetic
R06-202401-A,区域06,2024-01,核心业务,105,万元,合并经营收入,synthetic
R06-202401-B,区域06,2024-01,试点业务,8,万元,合并经营收入,synthetic
R06-202402-A,区域06,2024-02,核心业务,108,万元,合并经营收入,synthetic
R06-202402-B,区域06,2024-02,试点业务,9,万元,合并经营收入,synthetic
R06-202403-A,区域06,2024-03,核心业务,111,万元,合并经营收入,synthetic
R06-202403-B,区域06,2024-03,试点业务,9,万元,合并经营收入,synthetic
R06-202404-A,区域06,2024-04,核心业务,114,万元,合并经营收入,synthetic
R06-202404-B,区域06,2024-04,试点业务,9,万元,合并经营收入,synthetic
R06-202405-A,区域06,2024-05,核心业务,117,万元,合并经营收入,synthetic
R06-202405-B,区域06,2024-05,试点业务,9,万元,合并经营收入,synthetic
R06-202406-A,区域06,2024-06,核心业务,120,万元,合并经营收入,synthetic
R06-202406-B,区域06,2024-06,试点业务,10,万元,合并经营收入,synthetic
R06-202407-A,区域06,2024-07,核心业务,123,万元,合并经营收入,synthetic
R06-202407-B,区域06,2024-07,试点业务,10,万元,合并经营收入,synthetic
R06-202408-A,区域06,2024-08,核心业务,126,万元,合并经营收入,synthetic
R06-202408-B,区域06,2024-08,试点业务,10,万元,合并经营收入,synthetic
R06-202409-A,区域06,2024-09,核心业务,129,万元,合并经营收入,synthetic
R06-202409-B,区域06,2024-09,试点业务,10,万元,合并经营收入,synthetic
R06-202410-A,区域06,2024-10,核心业务,132,万元,合并经营收入,synthetic
R06-202410-B,区域06,2024-10,试点业务,11,万元,合并经营收入,synthetic
R06-202411-A,区域06,2024-11,核心业务,135,万元,合并经营收入,synthetic
R06-202411-B,区域06,2024-11,试点业务,11,万元,合并经营收入,synthetic
R06-202412-A,区域06,2024-12,核心业务,138,万元,合并经营收入,synthetic
R06-202412-B,区域06,2024-12,试点业务,11,万元,合并经营收入,synthetic
R06-202501-A,区域06,2025-01,核心业务,120,万元,合并经营收入,synthetic
R06-202501-B,区域06,2025-01,试点业务,11,万元,合并经营收入,synthetic
R06-202502-A,区域06,2025-02,核心业务,123,万元,合并经营收入,synthetic
R06-202502-B,区域06,2025-02,试点业务,11,万元,合并经营收入,synthetic
R06-202503-A,区域06,2025-03,核心业务,127,万元,合并经营收入,synthetic
R06-202503-B,区域06,2025-03,试点业务,11,万元,合并经营收入,synthetic
R06-202504-A,区域06,2025-04,核心业务,130,万元,合并经营收入,synthetic
R06-202504-B,区域06,2025-04,试点业务,11,万元,合并经营收入,synthetic
R06-202505-A,区域06,2025-05,核心业务,133,万元,合并经营收入,synthetic
R06-202505-B,区域06,2025-05,试点业务,12,万元,合并经营收入,synthetic
R06-202506-A,区域06,2025-06,核心业务,137,万元,合并经营收入,synthetic
R06-202506-B,区域06,2025-06,试点业务,12,万元,合并经营收入,synthetic
R06-202507-A,区域06,2025-07,核心业务,140,万元,合并经营收入,synthetic
R06-202507-B,区域06,2025-07,试点业务,12,万元,合并经营收入,synthetic
R06-202508-A,区域06,2025-08,核心业务,144,万元,合并经营收入,synthetic
R06-202508-B,区域06,2025-08,试点业务,13,万元,合并经营收入,synthetic
R06-202509-A,区域06,2025-09,核心业务,147,万元,合并经营收入,synthetic
R06-202509-B,区域06,2025-09,试点业务,13,万元,合并经营收入,synthetic
R06-202510-A,区域06,2025-10,核心业务,150,万元,合并经营收入,synthetic
R06-202510-B,区域06,2025-10,试点业务,13,万元,合并经营收入,synthetic
R06-202511-A,区域06,2025-11,核心业务,154,万元,合并经营收入,synthetic
R06-202511-B,区域06,2025-11,试点业务,14,万元,合并经营收入,synthetic
R06-202512-A,区域06,2025-12,核心业务,157,万元,合并经营收入,synthetic
R06-202512-B,区域06,2025-12,试点业务,14,万元,合并经营收入,synthetic
R07-202401-A,区域07,2024-01,核心业务,112,万元,合并经营收入,synthetic
R07-202401-B,区域07,2024-01,试点业务,9,万元,合并经营收入,synthetic
R07-202402-A,区域07,2024-02,核心业务,115,万元,合并经营收入,synthetic
R07-202402-B,区域07,2024-02,试点业务,9,万元,合并经营收入,synthetic
R07-202403-A,区域07,2024-03,核心业务,118,万元,合并经营收入,synthetic
R07-202403-B,区域07,2024-03,试点业务,9,万元,合并经营收入,synthetic
R07-202404-A,区域07,2024-04,核心业务,121,万元,合并经营收入,synthetic
R07-202404-B,区域07,2024-04,试点业务,10,万元,合并经营收入,synthetic
R07-202405-A,区域07,2024-05,核心业务,124,万元,合并经营收入,synthetic
R07-202405-B,区域07,2024-05,试点业务,10,万元,合并经营收入,synthetic
R07-202406-A,区域07,2024-06,核心业务,127,万元,合并经营收入,synthetic
R07-202406-B,区域07,2024-06,试点业务,10,万元,合并经营收入,synthetic
R07-202407-A,区域07,2024-07,核心业务,130,万元,合并经营收入,synthetic
R07-202407-B,区域07,2024-07,试点业务,10,万元,合并经营收入,synthetic
R07-202408-A,区域07,2024-08,核心业务,133,万元,合并经营收入,synthetic
R07-202408-B,区域07,2024-08,试点业务,11,万元,合并经营收入,synthetic
R07-202409-A,区域07,2024-09,核心业务,136,万元,合并经营收入,synthetic
R07-202409-B,区域07,2024-09,试点业务,11,万元,合并经营收入,synthetic
R07-202410-A,区域07,2024-10,核心业务,139,万元,合并经营收入,synthetic
R07-202410-B,区域07,2024-10,试点业务,11,万元,合并经营收入,synthetic
R07-202411-A,区域07,2024-11,核心业务,142,万元,合并经营收入,synthetic
R07-202411-B,区域07,2024-11,试点业务,11,万元,合并经营收入,synthetic
R07-202412-A,区域07,2024-12,核心业务,145,万元,合并经营收入,synthetic
R07-202412-B,区域07,2024-12,试点业务,12,万元,合并经营收入,synthetic
R07-202501-A,区域07,2025-01,核心业务,104,万元,合并经营收入,synthetic
R07-202501-B,区域07,2025-01,试点业务,11,万元,合并经营收入,synthetic
R07-202502-A,区域07,2025-02,核心业务,107,万元,合并经营收入,synthetic
R07-202502-B,区域07,2025-02,试点业务,12,万元,合并经营收入,synthetic
R07-202503-A,区域07,2025-03,核心业务,110,万元,合并经营收入,synthetic
R07-202503-B,区域07,2025-03,试点业务,12,万元,合并经营收入,synthetic
R07-202504-A,区域07,2025-04,核心业务,113,万元,合并经营收入,synthetic
R07-202504-B,区域07,2025-04,试点业务,12,万元,合并经营收入,synthetic
R07-202505-A,区域07,2025-05,核心业务,115,万元,合并经营收入,synthetic
R07-202505-B,区域07,2025-05,试点业务,12,万元,合并经营收入,synthetic
R07-202506-A,区域07,2025-06,核心业务,118,万元,合并经营收入,synthetic
R07-202506-B,区域07,2025-06,试点业务,13,万元,合并经营收入,synthetic
R07-202507-A,区域07,2025-07,核心业务,121,万元,合并经营收入,synthetic
R07-202507-B,区域07,2025-07,试点业务,13,万元,合并经营收入,synthetic
R07-202508-A,区域07,2025-08,核心业务,124,万元,合并经营收入,synthetic
R07-202508-B,区域07,2025-08,试点业务,13,万元,合并经营收入,synthetic
R07-202509-A,区域07,2025-09,核心业务,126,万元,合并经营收入,synthetic
R07-202509-B,区域07,2025-09,试点业务,14,万元,合并经营收入,synthetic
R07-202510-A,区域07,2025-10,核心业务,129,万元,合并经营收入,synthetic
R07-202510-B,区域07,2025-10,试点业务,14,万元,合并经营收入,synthetic
R07-202511-A,区域07,2025-11,核心业务,132,万元,合并经营收入,synthetic
R07-202511-B,区域07,2025-11,试点业务,14,万元,合并经营收入,synthetic
R07-202512-A,区域07,2025-12,核心业务,135,万元,合并经营收入,synthetic
R07-202512-B,区域07,2025-12,试点业务,15,万元,合并经营收入,synthetic
R08-202401-A,区域08,2024-01,核心业务,119,万元,合并经营收入,synthetic
R08-202401-B,区域08,2024-01,试点业务,10,万元,合并经营收入,synthetic
R08-202402-A,区域08,2024-02,核心业务,122,万元,合并经营收入,synthetic
R08-202402-B,区域08,2024-02,试点业务,10,万元,合并经营收入,synthetic
R08-202403-A,区域08,2024-03,核心业务,125,万元,合并经营收入,synthetic
R08-202403-B,区域08,2024-03,试点业务,10,万元,合并经营收入,synthetic
R08-202404-A,区域08,2024-04,核心业务,128,万元,合并经营收入,synthetic
R08-202404-B,区域08,2024-04,试点业务,10,万元,合并经营收入,synthetic
R08-202405-A,区域08,2024-05,核心业务,131,万元,合并经营收入,synthetic
R08-202405-B,区域08,2024-05,试点业务,10,万元,合并经营收入,synthetic
R08-202406-A,区域08,2024-06,核心业务,134,万元,合并经营收入,synthetic
R08-202406-B,区域08,2024-06,试点业务,11,万元,合并经营收入,synthetic
R08-202407-A,区域08,2024-07,核心业务,137,万元,合并经营收入,synthetic
R08-202407-B,区域08,2024-07,试点业务,11,万元,合并经营收入,synthetic
R08-202408-A,区域08,2024-08,核心业务,140,万元,合并经营收入,synthetic
R08-202408-B,区域08,2024-08,试点业务,11,万元,合并经营收入,synthetic
R08-202409-A,区域08,2024-09,核心业务,143,万元,合并经营收入,synthetic
R08-202409-B,区域08,2024-09,试点业务,11,万元,合并经营收入,synthetic
R08-202410-A,区域08,2024-10,核心业务,146,万元,合并经营收入,synthetic
R08-202410-B,区域08,2024-10,试点业务,12,万元,合并经营收入,synthetic
R08-202411-A,区域08,2024-11,核心业务,149,万元,合并经营收入,synthetic
R08-202411-B,区域08,2024-11,试点业务,12,万元,合并经营收入,synthetic
R08-202412-A,区域08,2024-12,核心业务,152,万元,合并经营收入,synthetic
R08-202412-B,区域08,2024-12,试点业务,12,万元,合并经营收入,synthetic
R08-202501-A,区域08,2025-01,核心业务,115,万元,合并经营收入,synthetic
R08-202501-B,区域08,2025-01,试点业务,12,万元,合并经营收入,synthetic
R08-202502-A,区域08,2025-02,核心业务,118,万元,合并经营收入,synthetic
R08-202502-B,区域08,2025-02,试点业务,12,万元,合并经营收入,synthetic
R08-202503-A,区域08,2025-03,核心业务,121,万元,合并经营收入,synthetic
R08-202503-B,区域08,2025-03,试点业务,13,万元,合并经营收入,synthetic
R08-202504-A,区域08,2025-04,核心业务,124,万元,合并经营收入,synthetic
R08-202504-B,区域08,2025-04,试点业务,13,万元,合并经营收入,synthetic
R08-202505-A,区域08,2025-05,核心业务,126,万元,合并经营收入,synthetic
R08-202505-B,区域08,2025-05,试点业务,13,万元,合并经营收入,synthetic
R08-202506-A,区域08,2025-06,核心业务,129,万元,合并经营收入,synthetic
R08-202506-B,区域08,2025-06,试点业务,13,万元,合并经营收入,synthetic
R08-202507-A,区域08,2025-07,核心业务,132,万元,合并经营收入,synthetic
R08-202507-B,区域08,2025-07,试点业务,14,万元,合并经营收入,synthetic
R08-202508-A,区域08,2025-08,核心业务,135,万元,合并经营收入,synthetic
R08-202508-B,区域08,2025-08,试点业务,14,万元,合并经营收入,synthetic
R08-202509-A,区域08,2025-09,核心业务,138,万元,合并经营收入,synthetic
R08-202509-B,区域08,2025-09,试点业务,14,万元,合并经营收入,synthetic
R08-202510-A,区域08,2025-10,核心业务,141,万元,合并经营收入,synthetic
R08-202510-B,区域08,2025-10,试点业务,15,万元,合并经营收入,synthetic
R08-202511-A,区域08,2025-11,核心业务,144,万元,合并经营收入,synthetic
R08-202511-B,区域08,2025-11,试点业务,15,万元,合并经营收入,synthetic
R08-202512-A,区域08,2025-12,核心业务,147,万元,合并经营收入,synthetic
R08-202512-B,区域08,2025-12,试点业务,15,万元,合并经营收入,synthetic
R09-202401-A,区域09,2024-01,核心业务,126,万元,合并经营收入,synthetic
R09-202401-B,区域09,2024-01,试点业务,10,万元,合并经营收入,synthetic
R09-202402-A,区域09,2024-02,核心业务,129,万元,合并经营收入,synthetic
R09-202402-B,区域09,2024-02,试点业务,10,万元,合并经营收入,synthetic
R09-202403-A,区域09,2024-03,核心业务,132,万元,合并经营收入,synthetic
R09-202403-B,区域09,2024-03,试点业务,11,万元,合并经营收入,synthetic
R09-202404-A,区域09,2024-04,核心业务,135,万元,合并经营收入,synthetic
R09-202404-B,区域09,2024-04,试点业务,11,万元,合并经营收入,synthetic
R09-202405-A,区域09,2024-05,核心业务,138,万元,合并经营收入,synthetic
R09-202405-B,区域09,2024-05,试点业务,11,万元,合并经营收入,synthetic
R09-202406-A,区域09,2024-06,核心业务,141,万元,合并经营收入,synthetic
R09-202406-B,区域09,2024-06,试点业务,11,万元,合并经营收入,synthetic
R09-202407-A,区域09,2024-07,核心业务,144,万元,合并经营收入,synthetic
R09-202407-B,区域09,2024-07,试点业务,12,万元,合并经营收入,synthetic
R09-202408-A,区域09,2024-08,核心业务,147,万元,合并经营收入,synthetic
R09-202408-B,区域09,2024-08,试点业务,12,万元,合并经营收入,synthetic
R09-202409-A,区域09,2024-09,核心业务,150,万元,合并经营收入,synthetic
R09-202409-B,区域09,2024-09,试点业务,12,万元,合并经营收入,synthetic
R09-202410-A,区域09,2024-10,核心业务,153,万元,合并经营收入,synthetic
R09-202410-B,区域09,2024-10,试点业务,12,万元,合并经营收入,synthetic
R09-202411-A,区域09,2024-11,核心业务,156,万元,合并经营收入,synthetic
R09-202411-B,区域09,2024-11,试点业务,12,万元,合并经营收入,synthetic
R09-202412-A,区域09,2024-12,核心业务,159,万元,合并经营收入,synthetic
R09-202412-B,区域09,2024-12,试点业务,13,万元,合并经营收入,synthetic
R09-202501-A,区域09,2025-01,核心业务,126,万元,合并经营收入,synthetic
R09-202501-B,区域09,2025-01,试点业务,13,万元,合并经营收入,synthetic
R09-202502-A,区域09,2025-02,核心业务,129,万元,合并经营收入,synthetic
R09-202502-B,区域09,2025-02,试点业务,13,万元,合并经营收入,synthetic
R09-202503-A,区域09,2025-03,核心业务,132,万元,合并经营收入,synthetic
R09-202503-B,区域09,2025-03,试点业务,13,万元,合并经营收入,synthetic
R09-202504-A,区域09,2025-04,核心业务,135,万元,合并经营收入,synthetic
R09-202504-B,区域09,2025-04,试点业务,14,万元,合并经营收入,synthetic
R09-202505-A,区域09,2025-05,核心业务,138,万元,合并经营收入,synthetic
R09-202505-B,区域09,2025-05,试点业务,14,万元,合并经营收入,synthetic
R09-202506-A,区域09,2025-06,核心业务,141,万元,合并经营收入,synthetic
R09-202506-B,区域09,2025-06,试点业务,14,万元,合并经营收入,synthetic
R09-202507-A,区域09,2025-07,核心业务,144,万元,合并经营收入,synthetic
R09-202507-B,区域09,2025-07,试点业务,14,万元,合并经营收入,synthetic
R09-202508-A,区域09,2025-08,核心业务,147,万元,合并经营收入,synthetic
R09-202508-B,区域09,2025-08,试点业务,15,万元,合并经营收入,synthetic
R09-202509-A,区域09,2025-09,核心业务,150,万元,合并经营收入,synthetic
R09-202509-B,区域09,2025-09,试点业务,15,万元,合并经营收入,synthetic
R09-202510-A,区域09,2025-10,核心业务,153,万元,合并经营收入,synthetic
R09-202510-B,区域09,2025-10,试点业务,15,万元,合并经营收入,synthetic
R09-202511-A,区域09,2025-11,核心业务,156,万元,合并经营收入,synthetic
R09-202511-B,区域09,2025-11,试点业务,16,万元,合并经营收入,synthetic
R09-202512-A,区域09,2025-12,核心业务,159,万元,合并经营收入,synthetic
R09-202512-B,区域09,2025-12,试点业务,16,万元,合并经营收入,synthetic
R10-202401-A,区域10,2024-01,核心业务,133,万元,合并经营收入,synthetic
R10-202401-B,区域10,2024-01,试点业务,11,万元,合并经营收入,synthetic
R10-202402-A,区域10,2024-02,核心业务,136,万元,合并经营收入,synthetic
R10-202402-B,区域10,2024-02,试点业务,11,万元,合并经营收入,synthetic
R10-202403-A,区域10,2024-03,核心业务,139,万元,合并经营收入,synthetic
R10-202403-B,区域10,2024-03,试点业务,11,万元,合并经营收入,synthetic
R10-202404-A,区域10,2024-04,核心业务,142,万元,合并经营收入,synthetic
R10-202404-B,区域10,2024-04,试点业务,11,万元,合并经营收入,synthetic
R10-202405-A,区域10,2024-05,核心业务,145,万元,合并经营收入,synthetic
R10-202405-B,区域10,2024-05,试点业务,12,万元,合并经营收入,synthetic
R10-202406-A,区域10,2024-06,核心业务,148,万元,合并经营收入,synthetic
R10-202406-B,区域10,2024-06,试点业务,12,万元,合并经营收入,synthetic
R10-202407-A,区域10,2024-07,核心业务,151,万元,合并经营收入,synthetic
R10-202407-B,区域10,2024-07,试点业务,12,万元,合并经营收入,synthetic
R10-202408-A,区域10,2024-08,核心业务,154,万元,合并经营收入,synthetic
R10-202408-B,区域10,2024-08,试点业务,12,万元,合并经营收入,synthetic
R10-202409-A,区域10,2024-09,核心业务,157,万元,合并经营收入,synthetic
R10-202409-B,区域10,2024-09,试点业务,13,万元,合并经营收入,synthetic
R10-202410-A,区域10,2024-10,核心业务,160,万元,合并经营收入,synthetic
R10-202410-B,区域10,2024-10,试点业务,13,万元,合并经营收入,synthetic
R10-202411-A,区域10,2024-11,核心业务,163,万元,合并经营收入,synthetic
R10-202411-B,区域10,2024-11,试点业务,13,万元,合并经营收入,synthetic
R10-202412-A,区域10,2024-12,核心业务,166,万元,合并经营收入,synthetic
R10-202412-B,区域10,2024-12,试点业务,13,万元,合并经营收入,synthetic
R10-202501-A,区域10,2025-01,核心业务,138,万元,合并经营收入,synthetic
R10-202501-B,区域10,2025-01,试点业务,13,万元,合并经营收入,synthetic
R10-202502-A,区域10,2025-02,核心业务,141,万元,合并经营收入,synthetic
R10-202502-B,区域10,2025-02,试点业务,14,万元,合并经营收入,synthetic
R10-202503-A,区域10,2025-03,核心业务,144,万元,合并经营收入,synthetic
R10-202503-B,区域10,2025-03,试点业务,14,万元,合并经营收入,synthetic
R10-202504-A,区域10,2025-04,核心业务,147,万元,合并经营收入,synthetic
R10-202504-B,区域10,2025-04,试点业务,14,万元,合并经营收入,synthetic
R10-202505-A,区域10,2025-05,核心业务,150,万元,合并经营收入,synthetic
R10-202505-B,区域10,2025-05,试点业务,15,万元,合并经营收入,synthetic
R10-202506-A,区域10,2025-06,核心业务,153,万元,合并经营收入,synthetic
R10-202506-B,区域10,2025-06,试点业务,15,万元,合并经营收入,synthetic
R10-202507-A,区域10,2025-07,核心业务,156,万元,合并经营收入,synthetic
R10-202507-B,区域10,2025-07,试点业务,15,万元,合并经营收入,synthetic
R10-202508-A,区域10,2025-08,核心业务,159,万元,合并经营收入,synthetic
R10-202508-B,区域10,2025-08,试点业务,15,万元,合并经营收入,synthetic
R10-202509-A,区域10,2025-09,核心业务,162,万元,合并经营收入,synthetic
R10-202509-B,区域10,2025-09,试点业务,16,万元,合并经营收入,synthetic
R10-202510-A,区域10,2025-10,核心业务,166,万元,合并经营收入,synthetic
R10-202510-B,区域10,2025-10,试点业务,16,万元,合并经营收入,synthetic
R10-202511-A,区域10,2025-11,核心业务,169,万元,合并经营收入,synthetic
R10-202511-B,区域10,2025-11,试点业务,16,万元,合并经营收入,synthetic
R10-202512-A,区域10,2025-12,核心业务,172,万元,合并经营收入,synthetic
R10-202512-B,区域10,2025-12,试点业务,17,万元,合并经营收入,synthetic
R11-202401-A,区域11,2024-01,核心业务,140,万元,合并经营收入,synthetic
R11-202401-B,区域11,2024-01,试点业务,11,万元,合并经营收入,synthetic
R11-202402-A,区域11,2024-02,核心业务,143,万元,合并经营收入,synthetic
R11-202402-B,区域11,2024-02,试点业务,11,万元,合并经营收入,synthetic
R11-202403-A,区域11,2024-03,核心业务,146,万元,合并经营收入,synthetic
R11-202403-B,区域11,2024-03,试点业务,12,万元,合并经营收入,synthetic
R11-202404-A,区域11,2024-04,核心业务,149,万元,合并经营收入,synthetic
R11-202404-B,区域11,2024-04,试点业务,12,万元,合并经营收入,synthetic
R11-202405-A,区域11,2024-05,核心业务,152,万元,合并经营收入,synthetic
R11-202405-B,区域11,2024-05,试点业务,12,万元,合并经营收入,synthetic
R11-202406-A,区域11,2024-06,核心业务,155,万元,合并经营收入,synthetic
R11-202406-B,区域11,2024-06,试点业务,12,万元,合并经营收入,synthetic
R11-202407-A,区域11,2024-07,核心业务,158,万元,合并经营收入,synthetic
R11-202407-B,区域11,2024-07,试点业务,13,万元,合并经营收入,synthetic
R11-202408-A,区域11,2024-08,核心业务,161,万元,合并经营收入,synthetic
R11-202408-B,区域11,2024-08,试点业务,13,万元,合并经营收入,synthetic
R11-202409-A,区域11,2024-09,核心业务,164,万元,合并经营收入,synthetic
R11-202409-B,区域11,2024-09,试点业务,13,万元,合并经营收入,synthetic
R11-202410-A,区域11,2024-10,核心业务,167,万元,合并经营收入,synthetic
R11-202410-B,区域11,2024-10,试点业务,13,万元,合并经营收入,synthetic
R11-202411-A,区域11,2024-11,核心业务,170,万元,合并经营收入,synthetic
R11-202411-B,区域11,2024-11,试点业务,14,万元,合并经营收入,synthetic
R11-202412-A,区域11,2024-12,核心业务,173,万元,合并经营收入,synthetic
R11-202412-B,区域11,2024-12,试点业务,14,万元,合并经营收入,synthetic
R11-202501-A,区域11,2025-01,核心业务,150,万元,合并经营收入,synthetic
R11-202501-B,区域11,2025-01,试点业务,14,万元,合并经营收入,synthetic
R11-202502-A,区域11,2025-02,核心业务,153,万元,合并经营收入,synthetic
R11-202502-B,区域11,2025-02,试点业务,14,万元,合并经营收入,synthetic
R11-202503-A,区域11,2025-03,核心业务,156,万元,合并经营收入,synthetic
R11-202503-B,区域11,2025-03,试点业务,15,万元,合并经营收入,synthetic
R11-202504-A,区域11,2025-04,核心业务,159,万元,合并经营收入,synthetic
R11-202504-B,区域11,2025-04,试点业务,15,万元,合并经营收入,synthetic
R11-202505-A,区域11,2025-05,核心业务,163,万元,合并经营收入,synthetic
R11-202505-B,区域11,2025-05,试点业务,15,万元,合并经营收入,synthetic
R11-202506-A,区域11,2025-06,核心业务,166,万元,合并经营收入,synthetic
R11-202506-B,区域11,2025-06,试点业务,16,万元,合并经营收入,synthetic
R11-202507-A,区域11,2025-07,核心业务,169,万元,合并经营收入,synthetic
R11-202507-B,区域11,2025-07,试点业务,16,万元,合并经营收入,synthetic
R11-202508-A,区域11,2025-08,核心业务,172,万元,合并经营收入,synthetic
R11-202508-B,区域11,2025-08,试点业务,16,万元,合并经营收入,synthetic
R11-202509-A,区域11,2025-09,核心业务,175,万元,合并经营收入,synthetic
R11-202509-B,区域11,2025-09,试点业务,16,万元,合并经营收入,synthetic
R11-202510-A,区域11,2025-10,核心业务,179,万元,合并经营收入,synthetic
R11-202510-B,区域11,2025-10,试点业务,17,万元,合并经营收入,synthetic
R11-202511-A,区域11,2025-11,核心业务,182,万元,合并经营收入,synthetic
R11-202511-B,区域11,2025-11,试点业务,17,万元,合并经营收入,synthetic
R11-202512-A,区域11,2025-12,核心业务,185,万元,合并经营收入,synthetic
R11-202512-B,区域11,2025-12,试点业务,17,万元,合并经营收入,synthetic
R12-202401-A,区域12,2024-01,核心业务,147,万元,合并经营收入,synthetic
R12-202401-B,区域12,2024-01,试点业务,12,万元,合并经营收入,synthetic
R12-202402-A,区域12,2024-02,核心业务,150,万元,合并经营收入,synthetic
R12-202402-B,区域12,2024-02,试点业务,12,万元,合并经营收入,synthetic
R12-202403-A,区域12,2024-03,核心业务,153,万元,合并经营收入,synthetic
R12-202403-B,区域12,2024-03,试点业务,12,万元,合并经营收入,synthetic
R12-202404-A,区域12,2024-04,核心业务,156,万元,合并经营收入,synthetic
R12-202404-B,区域12,2024-04,试点业务,12,万元,合并经营收入,synthetic
R12-202405-A,区域12,2024-05,核心业务,159,万元,合并经营收入,synthetic
R12-202405-B,区域12,2024-05,试点业务,13,万元,合并经营收入,synthetic
R12-202406-A,区域12,2024-06,核心业务,162,万元,合并经营收入,synthetic
R12-202406-B,区域12,2024-06,试点业务,13,万元,合并经营收入,synthetic
R12-202407-A,区域12,2024-07,核心业务,165,万元,合并经营收入,synthetic
R12-202407-B,区域12,2024-07,试点业务,13,万元,合并经营收入,synthetic
R12-202408-A,区域12,2024-08,核心业务,168,万元,合并经营收入,synthetic
R12-202408-B,区域12,2024-08,试点业务,13,万元,合并经营收入,synthetic
R12-202409-A,区域12,2024-09,核心业务,171,万元,合并经营收入,synthetic
R12-202409-B,区域12,2024-09,试点业务,14,万元,合并经营收入,synthetic
R12-202410-A,区域12,2024-10,核心业务,174,万元,合并经营收入,synthetic
R12-202410-B,区域12,2024-10,试点业务,14,万元,合并经营收入,synthetic
R12-202411-A,区域12,2024-11,核心业务,177,万元,合并经营收入,synthetic
R12-202411-B,区域12,2024-11,试点业务,14,万元,合并经营收入,synthetic
R12-202412-A,区域12,2024-12,核心业务,180,万元,合并经营收入,synthetic
R12-202412-B,区域12,2024-12,试点业务,14,万元,合并经营收入,synthetic
R12-202501-A,区域12,2025-01,核心业务,162,万元,合并经营收入,synthetic
R12-202501-B,区域12,2025-01,试点业务,15,万元,合并经营收入,synthetic
R12-202502-A,区域12,2025-02,核心业务,166,万元,合并经营收入,synthetic
R12-202502-B,区域12,2025-02,试点业务,15,万元,合并经营收入,synthetic
R12-202503-A,区域12,2025-03,核心业务,169,万元,合并经营收入,synthetic
R12-202503-B,区域12,2025-03,试点业务,15,万元,合并经营收入,synthetic
R12-202504-A,区域12,2025-04,核心业务,172,万元,合并经营收入,synthetic
R12-202504-B,区域12,2025-04,试点业务,16,万元,合并经营收入,synthetic
R12-202505-A,区域12,2025-05,核心业务,176,万元,合并经营收入,synthetic
R12-202505-B,区域12,2025-05,试点业务,16,万元,合并经营收入,synthetic
R12-202506-A,区域12,2025-06,核心业务,179,万元,合并经营收入,synthetic
R12-202506-B,区域12,2025-06,试点业务,16,万元,合并经营收入,synthetic
R12-202507-A,区域12,2025-07,核心业务,182,万元,合并经营收入,synthetic
R12-202507-B,区域12,2025-07,试点业务,17,万元,合并经营收入,synthetic
R12-202508-A,区域12,2025-08,核心业务,186,万元,合并经营收入,synthetic
R12-202508-B,区域12,2025-08,试点业务,17,万元,合并经营收入,synthetic
R12-202509-A,区域12,2025-09,核心业务,189,万元,合并经营收入,synthetic
R12-202509-B,区域12,2025-09,试点业务,17,万元,合并经营收入,synthetic
R12-202510-A,区域12,2025-10,核心业务,192,万元,合并经营收入,synthetic
R12-202510-B,区域12,2025-10,试点业务,17,万元,合并经营收入,synthetic
R12-202511-A,区域12,2025-11,核心业务,196,万元,合并经营收入,synthetic
R12-202511-B,区域12,2025-11,试点业务,18,万元,合并经营收入,synthetic
R12-202512-A,区域12,2025-12,核心业务,199,万元,合并经营收入,synthetic
R12-202512-B,区域12,2025-12,试点业务,18,万元,合并经营收入,synthetic
R13-202401-A,区域13,2024-01,核心业务,154,万元,合并经营收入,synthetic
R13-202401-B,区域13,2024-01,试点业务,12,万元,合并经营收入,synthetic
R13-202402-A,区域13,2024-02,核心业务,157,万元,合并经营收入,synthetic
R13-202402-B,区域13,2024-02,试点业务,13,万元,合并经营收入,synthetic
R13-202403-A,区域13,2024-03,核心业务,160,万元,合并经营收入,synthetic
R13-202403-B,区域13,2024-03,试点业务,13,万元,合并经营收入,synthetic
R13-202404-A,区域13,2024-04,核心业务,163,万元,合并经营收入,synthetic
R13-202404-B,区域13,2024-04,试点业务,13,万元,合并经营收入,synthetic
R13-202405-A,区域13,2024-05,核心业务,166,万元,合并经营收入,synthetic
R13-202405-B,区域13,2024-05,试点业务,13,万元,合并经营收入,synthetic
R13-202406-A,区域13,2024-06,核心业务,169,万元,合并经营收入,synthetic
R13-202406-B,区域13,2024-06,试点业务,14,万元,合并经营收入,synthetic
R13-202407-A,区域13,2024-07,核心业务,172,万元,合并经营收入,synthetic
R13-202407-B,区域13,2024-07,试点业务,14,万元,合并经营收入,synthetic
R13-202408-A,区域13,2024-08,核心业务,175,万元,合并经营收入,synthetic
R13-202408-B,区域13,2024-08,试点业务,14,万元,合并经营收入,synthetic
R13-202409-A,区域13,2024-09,核心业务,178,万元,合并经营收入,synthetic
R13-202409-B,区域13,2024-09,试点业务,14,万元,合并经营收入,synthetic
R13-202410-A,区域13,2024-10,核心业务,181,万元,合并经营收入,synthetic
R13-202410-B,区域13,2024-10,试点业务,14,万元,合并经营收入,synthetic
R13-202411-A,区域13,2024-11,核心业务,184,万元,合并经营收入,synthetic
R13-202411-B,区域13,2024-11,试点业务,15,万元,合并经营收入,synthetic
R13-202412-A,区域13,2024-12,核心业务,187,万元,合并经营收入,synthetic
R13-202412-B,区域13,2024-12,试点业务,15,万元,合并经营收入,synthetic
R13-202501-A,区域13,2025-01,核心业务,176,万元,合并经营收入,synthetic
R13-202501-B,区域13,2025-01,试点业务,15,万元,合并经营收入,synthetic
R13-202502-A,区域13,2025-02,核心业务,179,万元,合并经营收入,synthetic
R13-202502-B,区域13,2025-02,试点业务,16,万元,合并经营收入,synthetic
R13-202503-A,区域13,2025-03,核心业务,182,万元,合并经营收入,synthetic
R13-202503-B,区域13,2025-03,试点业务,16,万元,合并经营收入,synthetic
R13-202504-A,区域13,2025-04,核心业务,186,万元,合并经营收入,synthetic
R13-202504-B,区域13,2025-04,试点业务,16,万元,合并经营收入,synthetic
R13-202505-A,区域13,2025-05,核心业务,189,万元,合并经营收入,synthetic
R13-202505-B,区域13,2025-05,试点业务,17,万元,合并经营收入,synthetic
R13-202506-A,区域13,2025-06,核心业务,193,万元,合并经营收入,synthetic
R13-202506-B,区域13,2025-06,试点业务,17,万元,合并经营收入,synthetic
R13-202507-A,区域13,2025-07,核心业务,196,万元,合并经营收入,synthetic
R13-202507-B,区域13,2025-07,试点业务,17,万元,合并经营收入,synthetic
R13-202508-A,区域13,2025-08,核心业务,200,万元,合并经营收入,synthetic
R13-202508-B,区域13,2025-08,试点业务,18,万元,合并经营收入,synthetic
R13-202509-A,区域13,2025-09,核心业务,203,万元,合并经营收入,synthetic
R13-202509-B,区域13,2025-09,试点业务,18,万元,合并经营收入,synthetic
R13-202510-A,区域13,2025-10,核心业务,206,万元,合并经营收入,synthetic
R13-202510-B,区域13,2025-10,试点业务,18,万元,合并经营收入,synthetic
R13-202511-A,区域13,2025-11,核心业务,210,万元,合并经营收入,synthetic
R13-202511-B,区域13,2025-11,试点业务,18,万元,合并经营收入,synthetic
R13-202512-A,区域13,2025-12,核心业务,213,万元,合并经营收入,synthetic
R13-202512-B,区域13,2025-12,试点业务,19,万元,合并经营收入,synthetic
R14-202401-A,区域14,2024-01,核心业务,161,万元,合并经营收入,synthetic
R14-202401-B,区域14,2024-01,试点业务,13,万元,合并经营收入,synthetic
R14-202402-A,区域14,2024-02,核心业务,164,万元,合并经营收入,synthetic
R14-202402-B,区域14,2024-02,试点业务,13,万元,合并经营收入,synthetic
R14-202403-A,区域14,2024-03,核心业务,167,万元,合并经营收入,synthetic
R14-202403-B,区域14,2024-03,试点业务,13,万元,合并经营收入,synthetic
R14-202404-A,区域14,2024-04,核心业务,170,万元,合并经营收入,synthetic
R14-202404-B,区域14,2024-04,试点业务,14,万元,合并经营收入,synthetic
R14-202405-A,区域14,2024-05,核心业务,173,万元,合并经营收入,synthetic
R14-202405-B,区域14,2024-05,试点业务,14,万元,合并经营收入,synthetic
R14-202406-A,区域14,2024-06,核心业务,176,万元,合并经营收入,synthetic
R14-202406-B,区域14,2024-06,试点业务,14,万元,合并经营收入,synthetic
R14-202407-A,区域14,2024-07,核心业务,179,万元,合并经营收入,synthetic
R14-202407-B,区域14,2024-07,试点业务,14,万元,合并经营收入,synthetic
R14-202408-A,区域14,2024-08,核心业务,182,万元,合并经营收入,synthetic
R14-202408-B,区域14,2024-08,试点业务,15,万元,合并经营收入,synthetic
R14-202409-A,区域14,2024-09,核心业务,185,万元,合并经营收入,synthetic
R14-202409-B,区域14,2024-09,试点业务,15,万元,合并经营收入,synthetic
R14-202410-A,区域14,2024-10,核心业务,188,万元,合并经营收入,synthetic
R14-202410-B,区域14,2024-10,试点业务,15,万元,合并经营收入,synthetic
R14-202411-A,区域14,2024-11,核心业务,191,万元,合并经营收入,synthetic
R14-202411-B,区域14,2024-11,试点业务,15,万元,合并经营收入,synthetic
R14-202412-A,区域14,2024-12,核心业务,194,万元,合并经营收入,synthetic
R14-202412-B,区域14,2024-12,试点业务,16,万元,合并经营收入,synthetic
R14-202501-A,区域14,2025-01,核心业务,150,万元,合并经营收入,synthetic
R14-202501-B,区域14,2025-01,试点业务,16,万元,合并经营收入,synthetic
R14-202502-A,区域14,2025-02,核心业务,153,万元,合并经营收入,synthetic
R14-202502-B,区域14,2025-02,试点业务,16,万元,合并经营收入,synthetic
R14-202503-A,区域14,2025-03,核心业务,155,万元,合并经营收入,synthetic
R14-202503-B,区域14,2025-03,试点业务,17,万元,合并经营收入,synthetic
R14-202504-A,区域14,2025-04,核心业务,158,万元,合并经营收入,synthetic
R14-202504-B,区域14,2025-04,试点业务,17,万元,合并经营收入,synthetic
R14-202505-A,区域14,2025-05,核心业务,161,万元,合并经营收入,synthetic
R14-202505-B,区域14,2025-05,试点业务,17,万元,合并经营收入,synthetic
R14-202506-A,区域14,2025-06,核心业务,164,万元,合并经营收入,synthetic
R14-202506-B,区域14,2025-06,试点业务,18,万元,合并经营收入,synthetic
R14-202507-A,区域14,2025-07,核心业务,166,万元,合并经营收入,synthetic
R14-202507-B,区域14,2025-07,试点业务,18,万元,合并经营收入,synthetic
R14-202508-A,区域14,2025-08,核心业务,169,万元,合并经营收入,synthetic
R14-202508-B,区域14,2025-08,试点业务,18,万元,合并经营收入,synthetic
R14-202509-A,区域14,2025-09,核心业务,172,万元,合并经营收入,synthetic
R14-202509-B,区域14,2025-09,试点业务,19,万元,合并经营收入,synthetic
R14-202510-A,区域14,2025-10,核心业务,175,万元,合并经营收入,synthetic
R14-202510-B,区域14,2025-10,试点业务,19,万元,合并经营收入,synthetic
R14-202511-A,区域14,2025-11,核心业务,178,万元,合并经营收入,synthetic
R14-202511-B,区域14,2025-11,试点业务,19,万元,合并经营收入,synthetic
R14-202512-A,区域14,2025-12,核心业务,180,万元,合并经营收入,synthetic
R14-202512-B,区域14,2025-12,试点业务,19,万元,合并经营收入,synthetic
R15-202401-A,区域15,2024-01,核心业务,168,万元,合并经营收入,synthetic
R15-202401-B,区域15,2024-01,试点业务,13,万元,合并经营收入,synthetic
R15-202402-A,区域15,2024-02,核心业务,171,万元,合并经营收入,synthetic
R15-202402-B,区域15,2024-02,试点业务,14,万元,合并经营收入,synthetic
R15-202403-A,区域15,2024-03,核心业务,174,万元,合并经营收入,synthetic
R15-202403-B,区域15,2024-03,试点业务,14,万元,合并经营收入,synthetic
R15-202404-A,区域15,2024-04,核心业务,177,万元,合并经营收入,synthetic
R15-202404-B,区域15,2024-04,试点业务,14,万元,合并经营收入,synthetic
R15-202405-A,区域15,2024-05,核心业务,180,万元,合并经营收入,synthetic
R15-202405-B,区域15,2024-05,试点业务,14,万元,合并经营收入,synthetic
R15-202406-A,区域15,2024-06,核心业务,183,万元,合并经营收入,synthetic
R15-202406-B,区域15,2024-06,试点业务,15,万元,合并经营收入,synthetic
R15-202407-A,区域15,2024-07,核心业务,186,万元,合并经营收入,synthetic
R15-202407-B,区域15,2024-07,试点业务,15,万元,合并经营收入,synthetic
R15-202408-A,区域15,2024-08,核心业务,189,万元,合并经营收入,synthetic
R15-202408-B,区域15,2024-08,试点业务,15,万元,合并经营收入,synthetic
R15-202409-A,区域15,2024-09,核心业务,192,万元,合并经营收入,synthetic
R15-202409-B,区域15,2024-09,试点业务,15,万元,合并经营收入,synthetic
R15-202410-A,区域15,2024-10,核心业务,195,万元,合并经营收入,synthetic
R15-202410-B,区域15,2024-10,试点业务,16,万元,合并经营收入,synthetic
R15-202411-A,区域15,2024-11,核心业务,198,万元,合并经营收入,synthetic
R15-202411-B,区域15,2024-11,试点业务,16,万元,合并经营收入,synthetic
R15-202412-A,区域15,2024-12,核心业务,201,万元,合并经营收入,synthetic
R15-202412-B,区域15,2024-12,试点业务,16,万元,合并经营收入,synthetic
R15-202501-A,区域15,2025-01,核心业务,162,万元,合并经营收入,synthetic
R15-202501-B,区域15,2025-01,试点业务,17,万元,合并经营收入,synthetic
R15-202502-A,区域15,2025-02,核心业务,165,万元,合并经营收入,synthetic
R15-202502-B,区域15,2025-02,试点业务,17,万元,合并经营收入,synthetic
R15-202503-A,区域15,2025-03,核心业务,168,万元,合并经营收入,synthetic
R15-202503-B,区域15,2025-03,试点业务,17,万元,合并经营收入,synthetic
R15-202504-A,区域15,2025-04,核心业务,171,万元,合并经营收入,synthetic
R15-202504-B,区域15,2025-04,试点业务,18,万元,合并经营收入,synthetic
R15-202505-A,区域15,2025-05,核心业务,174,万元,合并经营收入,synthetic
R15-202505-B,区域15,2025-05,试点业务,18,万元,合并经营收入,synthetic
R15-202506-A,区域15,2025-06,核心业务,177,万元,合并经营收入,synthetic
R15-202506-B,区域15,2025-06,试点业务,18,万元,合并经营收入,synthetic
R15-202507-A,区域15,2025-07,核心业务,179,万元,合并经营收入,synthetic
R15-202507-B,区域15,2025-07,试点业务,19,万元,合并经营收入,synthetic
R15-202508-A,区域15,2025-08,核心业务,182,万元,合并经营收入,synthetic
R15-202508-B,区域15,2025-08,试点业务,19,万元,合并经营收入,synthetic
R15-202509-A,区域15,2025-09,核心业务,185,万元,合并经营收入,synthetic
R15-202509-B,区域15,2025-09,试点业务,19,万元,合并经营收入,synthetic
R15-202510-A,区域15,2025-10,核心业务,188,万元,合并经营收入,synthetic
R15-202510-B,区域15,2025-10,试点业务,20,万元,合并经营收入,synthetic
R15-202511-A,区域15,2025-11,核心业务,191,万元,合并经营收入,synthetic
R15-202511-B,区域15,2025-11,试点业务,20,万元,合并经营收入,synthetic
R15-202512-A,区域15,2025-12,核心业务,194,万元,合并经营收入,synthetic
R15-202512-B,区域15,2025-12,试点业务,20,万元,合并经营收入,synthetic
R16-202401-A,区域16,2024-01,核心业务,175,万元,合并经营收入,synthetic
R16-202401-B,区域16,2024-01,试点业务,14,万元,合并经营收入,synthetic
R16-202402-A,区域16,2024-02,核心业务,178,万元,合并经营收入,synthetic
R16-202402-B,区域16,2024-02,试点业务,14,万元,合并经营收入,synthetic
R16-202403-A,区域16,2024-03,核心业务,181,万元,合并经营收入,synthetic
R16-202403-B,区域16,2024-03,试点业务,14,万元,合并经营收入,synthetic
R16-202404-A,区域16,2024-04,核心业务,184,万元,合并经营收入,synthetic
R16-202404-B,区域16,2024-04,试点业务,15,万元,合并经营收入,synthetic
R16-202405-A,区域16,2024-05,核心业务,187,万元,合并经营收入,synthetic
R16-202405-B,区域16,2024-05,试点业务,15,万元,合并经营收入,synthetic
R16-202406-A,区域16,2024-06,核心业务,190,万元,合并经营收入,synthetic
R16-202406-B,区域16,2024-06,试点业务,15,万元,合并经营收入,synthetic
R16-202407-A,区域16,2024-07,核心业务,193,万元,合并经营收入,synthetic
R16-202407-B,区域16,2024-07,试点业务,15,万元,合并经营收入,synthetic
R16-202408-A,区域16,2024-08,核心业务,196,万元,合并经营收入,synthetic
R16-202408-B,区域16,2024-08,试点业务,16,万元,合并经营收入,synthetic
R16-202409-A,区域16,2024-09,核心业务,199,万元,合并经营收入,synthetic
R16-202409-B,区域16,2024-09,试点业务,16,万元,合并经营收入,synthetic
R16-202410-A,区域16,2024-10,核心业务,202,万元,合并经营收入,synthetic
R16-202410-B,区域16,2024-10,试点业务,16,万元,合并经营收入,synthetic
R16-202411-A,区域16,2024-11,核心业务,205,万元,合并经营收入,synthetic
R16-202411-B,区域16,2024-11,试点业务,16,万元,合并经营收入,synthetic
R16-202412-A,区域16,2024-12,核心业务,208,万元,合并经营收入,synthetic
R16-202412-B,区域16,2024-12,试点业务,17,万元,合并经营收入,synthetic
R16-202501-A,区域16,2025-01,核心业务,175,万元,合并经营收入,synthetic
R16-202501-B,区域16,2025-01,试点业务,18,万元,合并经营收入,synthetic
R16-202502-A,区域16,2025-02,核心业务,178,万元,合并经营收入,synthetic
R16-202502-B,区域16,2025-02,试点业务,18,万元,合并经营收入,synthetic
R16-202503-A,区域16,2025-03,核心业务,181,万元,合并经营收入,synthetic
R16-202503-B,区域16,2025-03,试点业务,18,万元,合并经营收入,synthetic
R16-202504-A,区域16,2025-04,核心业务,184,万元,合并经营收入,synthetic
R16-202504-B,区域16,2025-04,试点业务,18,万元,合并经营收入,synthetic
R16-202505-A,区域16,2025-05,核心业务,187,万元,合并经营收入,synthetic
R16-202505-B,区域16,2025-05,试点业务,19,万元,合并经营收入,synthetic
R16-202506-A,区域16,2025-06,核心业务,190,万元,合并经营收入,synthetic
R16-202506-B,区域16,2025-06,试点业务,19,万元,合并经营收入,synthetic
R16-202507-A,区域16,2025-07,核心业务,193,万元,合并经营收入,synthetic
R16-202507-B,区域16,2025-07,试点业务,19,万元,合并经营收入,synthetic
R16-202508-A,区域16,2025-08,核心业务,196,万元,合并经营收入,synthetic
R16-202508-B,区域16,2025-08,试点业务,20,万元,合并经营收入,synthetic
R16-202509-A,区域16,2025-09,核心业务,199,万元,合并经营收入,synthetic
R16-202509-B,区域16,2025-09,试点业务,20,万元,合并经营收入,synthetic
R16-202510-A,区域16,2025-10,核心业务,202,万元,合并经营收入,synthetic
R16-202510-B,区域16,2025-10,试点业务,20,万元,合并经营收入,synthetic
R16-202511-A,区域16,2025-11,核心业务,205,万元,合并经营收入,synthetic
R16-202511-B,区域16,2025-11,试点业务,21,万元,合并经营收入,synthetic
R16-202512-A,区域16,2025-12,核心业务,208,万元,合并经营收入,synthetic
R16-202512-B,区域16,2025-12,试点业务,21,万元,合并经营收入,synthetic
R17-202401-A,区域17,2024-01,核心业务,182,万元,合并经营收入,synthetic
R17-202401-B,区域17,2024-01,试点业务,15,万元,合并经营收入,synthetic
R17-202402-A,区域17,2024-02,核心业务,185,万元,合并经营收入,synthetic
R17-202402-B,区域17,2024-02,试点业务,15,万元,合并经营收入,synthetic
R17-202403-A,区域17,2024-03,核心业务,188,万元,合并经营收入,synthetic
R17-202403-B,区域17,2024-03,试点业务,15,万元,合并经营收入,synthetic
R17-202404-A,区域17,2024-04,核心业务,191,万元,合并经营收入,synthetic
R17-202404-B,区域17,2024-04,试点业务,15,万元,合并经营收入,synthetic
R17-202405-A,区域17,2024-05,核心业务,194,万元,合并经营收入,synthetic
R17-202405-B,区域17,2024-05,试点业务,16,万元,合并经营收入,synthetic
R17-202406-A,区域17,2024-06,核心业务,197,万元,合并经营收入,synthetic
R17-202406-B,区域17,2024-06,试点业务,16,万元,合并经营收入,synthetic
R17-202407-A,区域17,2024-07,核心业务,200,万元,合并经营收入,synthetic
R17-202407-B,区域17,2024-07,试点业务,16,万元,合并经营收入,synthetic
R17-202408-A,区域17,2024-08,核心业务,203,万元,合并经营收入,synthetic
R17-202408-B,区域17,2024-08,试点业务,16,万元,合并经营收入,synthetic
R17-202409-A,区域17,2024-09,核心业务,206,万元,合并经营收入,synthetic
R17-202409-B,区域17,2024-09,试点业务,16,万元,合并经营收入,synthetic
R17-202410-A,区域17,2024-10,核心业务,209,万元,合并经营收入,synthetic
R17-202410-B,区域17,2024-10,试点业务,17,万元,合并经营收入,synthetic
R17-202411-A,区域17,2024-11,核心业务,212,万元,合并经营收入,synthetic
R17-202411-B,区域17,2024-11,试点业务,17,万元,合并经营收入,synthetic
R17-202412-A,区域17,2024-12,核心业务,215,万元,合并经营收入,synthetic
R17-202412-B,区域17,2024-12,试点业务,17,万元,合并经营收入,synthetic
R17-202501-A,区域17,2025-01,核心业务,188,万元,合并经营收入,synthetic
R17-202501-B,区域17,2025-01,试点业务,18,万元,合并经营收入,synthetic
R17-202502-A,区域17,2025-02,核心业务,191,万元,合并经营收入,synthetic
R17-202502-B,区域17,2025-02,试点业务,19,万元,合并经营收入,synthetic
R17-202503-A,区域17,2025-03,核心业务,195,万元,合并经营收入,synthetic
R17-202503-B,区域17,2025-03,试点业务,19,万元,合并经营收入,synthetic
R17-202504-A,区域17,2025-04,核心业务,198,万元,合并经营收入,synthetic
R17-202504-B,区域17,2025-04,试点业务,19,万元,合并经营收入,synthetic
R17-202505-A,区域17,2025-05,核心业务,201,万元,合并经营收入,synthetic
R17-202505-B,区域17,2025-05,试点业务,19,万元,合并经营收入,synthetic
R17-202506-A,区域17,2025-06,核心业务,204,万元,合并经营收入,synthetic
R17-202506-B,区域17,2025-06,试点业务,20,万元,合并经营收入,synthetic
R17-202507-A,区域17,2025-07,核心业务,207,万元,合并经营收入,synthetic
R17-202507-B,区域17,2025-07,试点业务,20,万元,合并经营收入,synthetic
R17-202508-A,区域17,2025-08,核心业务,210,万元,合并经营收入,synthetic
R17-202508-B,区域17,2025-08,试点业务,20,万元,合并经营收入,synthetic
R17-202509-A,区域17,2025-09,核心业务,213,万元,合并经营收入,synthetic
R17-202509-B,区域17,2025-09,试点业务,21,万元,合并经营收入,synthetic
R17-202510-A,区域17,2025-10,核心业务,216,万元,合并经营收入,synthetic
R17-202510-B,区域17,2025-10,试点业务,21,万元,合并经营收入,synthetic
R17-202511-A,区域17,2025-11,核心业务,219,万元,合并经营收入,synthetic
R17-202511-B,区域17,2025-11,试点业务,21,万元,合并经营收入,synthetic
R17-202512-A,区域17,2025-12,核心业务,223,万元,合并经营收入,synthetic
R17-202512-B,区域17,2025-12,试点业务,22,万元,合并经营收入,synthetic
R18-202401-A,区域18,2024-01,核心业务,189,万元,合并经营收入,synthetic
R18-202401-B,区域18,2024-01,试点业务,15,万元,合并经营收入,synthetic
R18-202402-A,区域18,2024-02,核心业务,192,万元,合并经营收入,synthetic
R18-202402-B,区域18,2024-02,试点业务,15,万元,合并经营收入,synthetic
R18-202403-A,区域18,2024-03,核心业务,195,万元,合并经营收入,synthetic
R18-202403-B,区域18,2024-03,试点业务,16,万元,合并经营收入,synthetic
R18-202404-A,区域18,2024-04,核心业务,198,万元,合并经营收入,synthetic
R18-202404-B,区域18,2024-04,试点业务,16,万元,合并经营收入,synthetic
R18-202405-A,区域18,2024-05,核心业务,201,万元,合并经营收入,synthetic
R18-202405-B,区域18,2024-05,试点业务,16,万元,合并经营收入,synthetic
R18-202406-A,区域18,2024-06,核心业务,204,万元,合并经营收入,synthetic
R18-202406-B,区域18,2024-06,试点业务,16,万元,合并经营收入,synthetic
R18-202407-A,区域18,2024-07,核心业务,207,万元,合并经营收入,synthetic
R18-202407-B,区域18,2024-07,试点业务,17,万元,合并经营收入,synthetic
R18-202408-A,区域18,2024-08,核心业务,210,万元,合并经营收入,synthetic
R18-202408-B,区域18,2024-08,试点业务,17,万元,合并经营收入,synthetic
R18-202409-A,区域18,2024-09,核心业务,213,万元,合并经营收入,synthetic
R18-202409-B,区域18,2024-09,试点业务,17,万元,合并经营收入,synthetic
R18-202410-A,区域18,2024-10,核心业务,216,万元,合并经营收入,synthetic
R18-202410-B,区域18,2024-10,试点业务,17,万元,合并经营收入,synthetic
R18-202411-A,区域18,2024-11,核心业务,219,万元,合并经营收入,synthetic
R18-202411-B,区域18,2024-11,试点业务,18,万元,合并经营收入,synthetic
R18-202412-A,区域18,2024-12,核心业务,222,万元,合并经营收入,synthetic
R18-202412-B,区域18,2024-12,试点业务,18,万元,合并经营收入,synthetic
R18-202501-A,区域18,2025-01,核心业务,202,万元,合并经营收入,synthetic
R18-202501-B,区域18,2025-01,试点业务,19,万元,合并经营收入,synthetic
R18-202502-A,区域18,2025-02,核心业务,205,万元,合并经营收入,synthetic
R18-202502-B,区域18,2025-02,试点业务,19,万元,合并经营收入,synthetic
R18-202503-A,区域18,2025-03,核心业务,209,万元,合并经营收入,synthetic
R18-202503-B,区域18,2025-03,试点业务,20,万元,合并经营收入,synthetic
R18-202504-A,区域18,2025-04,核心业务,212,万元,合并经营收入,synthetic
R18-202504-B,区域18,2025-04,试点业务,20,万元,合并经营收入,synthetic
R18-202505-A,区域18,2025-05,核心业务,215,万元,合并经营收入,synthetic
R18-202505-B,区域18,2025-05,试点业务,20,万元,合并经营收入,synthetic
R18-202506-A,区域18,2025-06,核心业务,218,万元,合并经营收入,synthetic
R18-202506-B,区域18,2025-06,试点业务,20,万元,合并经营收入,synthetic
R18-202507-A,区域18,2025-07,核心业务,221,万元,合并经营收入,synthetic
R18-202507-B,区域18,2025-07,试点业务,21,万元,合并经营收入,synthetic
R18-202508-A,区域18,2025-08,核心业务,225,万元,合并经营收入,synthetic
R18-202508-B,区域18,2025-08,试点业务,21,万元,合并经营收入,synthetic
R18-202509-A,区域18,2025-09,核心业务,228,万元,合并经营收入,synthetic
R18-202509-B,区域18,2025-09,试点业务,21,万元,合并经营收入,synthetic
R18-202510-A,区域18,2025-10,核心业务,231,万元,合并经营收入,synthetic
R18-202510-B,区域18,2025-10,试点业务,22,万元,合并经营收入,synthetic
R18-202511-A,区域18,2025-11,核心业务,234,万元,合并经营收入,synthetic
R18-202511-B,区域18,2025-11,试点业务,22,万元,合并经营收入,synthetic
R18-202512-A,区域18,2025-12,核心业务,238,万元,合并经营收入,synthetic
R18-202512-B,区域18,2025-12,试点业务,22,万元,合并经营收入,synthetic
R19-202401-A,区域19,2024-01,核心业务,196,万元,合并经营收入,synthetic
R19-202401-B,区域19,2024-01,试点业务,16,万元,合并经营收入,synthetic
R19-202402-A,区域19,2024-02,核心业务,199,万元,合并经营收入,synthetic
R19-202402-B,区域19,2024-02,试点业务,16,万元,合并经营收入,synthetic
R19-202403-A,区域19,2024-03,核心业务,202,万元,合并经营收入,synthetic
R19-202403-B,区域19,2024-03,试点业务,16,万元,合并经营收入,synthetic
R19-202404-A,区域19,2024-04,核心业务,205,万元,合并经营收入,synthetic
R19-202404-B,区域19,2024-04,试点业务,16,万元,合并经营收入,synthetic
R19-202405-A,区域19,2024-05,核心业务,208,万元,合并经营收入,synthetic
R19-202405-B,区域19,2024-05,试点业务,17,万元,合并经营收入,synthetic
R19-202406-A,区域19,2024-06,核心业务,211,万元,合并经营收入,synthetic
R19-202406-B,区域19,2024-06,试点业务,17,万元,合并经营收入,synthetic
R19-202407-A,区域19,2024-07,核心业务,214,万元,合并经营收入,synthetic
R19-202407-B,区域19,2024-07,试点业务,17,万元,合并经营收入,synthetic
R19-202408-A,区域19,2024-08,核心业务,217,万元,合并经营收入,synthetic
R19-202408-B,区域19,2024-08,试点业务,17,万元,合并经营收入,synthetic
R19-202409-A,区域19,2024-09,核心业务,220,万元,合并经营收入,synthetic
R19-202409-B,区域19,2024-09,试点业务,18,万元,合并经营收入,synthetic
R19-202410-A,区域19,2024-10,核心业务,223,万元,合并经营收入,synthetic
R19-202410-B,区域19,2024-10,试点业务,18,万元,合并经营收入,synthetic
R19-202411-A,区域19,2024-11,核心业务,226,万元,合并经营收入,synthetic
R19-202411-B,区域19,2024-11,试点业务,18,万元,合并经营收入,synthetic
R19-202412-A,区域19,2024-12,核心业务,229,万元,合并经营收入,synthetic
R19-202412-B,区域19,2024-12,试点业务,18,万元,合并经营收入,synthetic
R19-202501-A,区域19,2025-01,核心业务,217,万元,合并经营收入,synthetic
R19-202501-B,区域19,2025-01,试点业务,20,万元,合并经营收入,synthetic
R19-202502-A,区域19,2025-02,核心业务,220,万元,合并经营收入,synthetic
R19-202502-B,区域19,2025-02,试点业务,20,万元,合并经营收入,synthetic
R19-202503-A,区域19,2025-03,核心业务,223,万元,合并经营收入,synthetic
R19-202503-B,区域19,2025-03,试点业务,20,万元,合并经营收入,synthetic
R19-202504-A,区域19,2025-04,核心业务,227,万元,合并经营收入,synthetic
R19-202504-B,区域19,2025-04,试点业务,21,万元,合并经营收入,synthetic
R19-202505-A,区域19,2025-05,核心业务,230,万元,合并经营收入,synthetic
R19-202505-B,区域19,2025-05,试点业务,21,万元,合并经营收入,synthetic
R19-202506-A,区域19,2025-06,核心业务,233,万元,合并经营收入,synthetic
R19-202506-B,区域19,2025-06,试点业务,21,万元,合并经营收入,synthetic
R19-202507-A,区域19,2025-07,核心业务,236,万元,合并经营收入,synthetic
R19-202507-B,区域19,2025-07,试点业务,21,万元,合并经营收入,synthetic
R19-202508-A,区域19,2025-08,核心业务,240,万元,合并经营收入,synthetic
R19-202508-B,区域19,2025-08,试点业务,22,万元,合并经营收入,synthetic
R19-202509-A,区域19,2025-09,核心业务,243,万元,合并经营收入,synthetic
R19-202509-B,区域19,2025-09,试点业务,22,万元,合并经营收入,synthetic
R19-202510-A,区域19,2025-10,核心业务,246,万元,合并经营收入,synthetic
R19-202510-B,区域19,2025-10,试点业务,22,万元,合并经营收入,synthetic
R19-202511-A,区域19,2025-11,核心业务,250,万元,合并经营收入,synthetic
R19-202511-B,区域19,2025-11,试点业务,23,万元,合并经营收入,synthetic
R19-202512-A,区域19,2025-12,核心业务,253,万元,合并经营收入,synthetic
R19-202512-B,区域19,2025-12,试点业务,23,万元,合并经营收入,synthetic
R20-202401-A,区域20,2024-01,核心业务,203,万元,合并经营收入,synthetic
R20-202401-B,区域20,2024-01,试点业务,16,万元,合并经营收入,synthetic
R20-202402-A,区域20,2024-02,核心业务,206,万元,合并经营收入,synthetic
R20-202402-B,区域20,2024-02,试点业务,16,万元,合并经营收入,synthetic
R20-202403-A,区域20,2024-03,核心业务,209,万元,合并经营收入,synthetic
R20-202403-B,区域20,2024-03,试点业务,17,万元,合并经营收入,synthetic
R20-202404-A,区域20,2024-04,核心业务,212,万元,合并经营收入,synthetic
R20-202404-B,区域20,2024-04,试点业务,17,万元,合并经营收入,synthetic
R20-202405-A,区域20,2024-05,核心业务,215,万元,合并经营收入,synthetic
R20-202405-B,区域20,2024-05,试点业务,17,万元,合并经营收入,synthetic
R20-202406-A,区域20,2024-06,核心业务,218,万元,合并经营收入,synthetic
R20-202406-B,区域20,2024-06,试点业务,17,万元,合并经营收入,synthetic
R20-202407-A,区域20,2024-07,核心业务,221,万元,合并经营收入,synthetic
R20-202407-B,区域20,2024-07,试点业务,18,万元,合并经营收入,synthetic
R20-202408-A,区域20,2024-08,核心业务,224,万元,合并经营收入,synthetic
R20-202408-B,区域20,2024-08,试点业务,18,万元,合并经营收入,synthetic
R20-202409-A,区域20,2024-09,核心业务,227,万元,合并经营收入,synthetic
R20-202409-B,区域20,2024-09,试点业务,18,万元,合并经营收入,synthetic
R20-202410-A,区域20,2024-10,核心业务,230,万元,合并经营收入,synthetic
R20-202410-B,区域20,2024-10,试点业务,18,万元,合并经营收入,synthetic
R20-202411-A,区域20,2024-11,核心业务,233,万元,合并经营收入,synthetic
R20-202411-B,区域20,2024-11,试点业务,19,万元,合并经营收入,synthetic
R20-202412-A,区域20,2024-12,核心业务,236,万元,合并经营收入,synthetic
R20-202412-B,区域20,2024-12,试点业务,19,万元,合并经营收入,synthetic
R20-202501-A,区域20,2025-01,核心业务,231,万元,合并经营收入,synthetic
R20-202501-B,区域20,2025-01,试点业务,20,万元,合并经营收入,synthetic
R20-202502-A,区域20,2025-02,核心业务,235,万元,合并经营收入,synthetic
R20-202502-B,区域20,2025-02,试点业务,21,万元,合并经营收入,synthetic
R20-202503-A,区域20,2025-03,核心业务,238,万元,合并经营收入,synthetic
R20-202503-B,区域20,2025-03,试点业务,21,万元,合并经营收入,synthetic
R20-202504-A,区域20,2025-04,核心业务,242,万元,合并经营收入,synthetic
R20-202504-B,区域20,2025-04,试点业务,21,万元,合并经营收入,synthetic
R20-202505-A,区域20,2025-05,核心业务,245,万元,合并经营收入,synthetic
R20-202505-B,区域20,2025-05,试点业务,22,万元,合并经营收入,synthetic
R20-202506-A,区域20,2025-06,核心业务,249,万元,合并经营收入,synthetic
R20-202506-B,区域20,2025-06,试点业务,22,万元,合并经营收入,synthetic
R20-202507-A,区域20,2025-07,核心业务,252,万元,合并经营收入,synthetic
R20-202507-B,区域20,2025-07,试点业务,22,万元,合并经营收入,synthetic
R20-202508-A,区域20,2025-08,核心业务,255,万元,合并经营收入,synthetic
R20-202508-B,区域20,2025-08,试点业务,22,万元,合并经营收入,synthetic
R20-202509-A,区域20,2025-09,核心业务,259,万元,合并经营收入,synthetic
R20-202509-B,区域20,2025-09,试点业务,23,万元,合并经营收入,synthetic
R20-202510-A,区域20,2025-10,核心业务,262,万元,合并经营收入,synthetic
R20-202510-B,区域20,2025-10,试点业务,23,万元,合并经营收入,synthetic
R20-202511-A,区域20,2025-11,核心业务,266,万元,合并经营收入,synthetic
R20-202511-B,区域20,2025-11,试点业务,23,万元,合并经营收入,synthetic
R20-202512-A,区域20,2025-12,核心业务,269,万元,合并经营收入,synthetic
R20-202512-B,区域20,2025-12,试点业务,24,万元,合并经营收入,synthetic
R21-202401-A,区域21,2024-01,核心业务,210,万元,合并经营收入,synthetic
R21-202401-B,区域21,2024-01,试点业务,17,万元,合并经营收入,synthetic
R21-202402-A,区域21,2024-02,核心业务,213,万元,合并经营收入,synthetic
R21-202402-B,区域21,2024-02,试点业务,17,万元,合并经营收入,synthetic
R21-202403-A,区域21,2024-03,核心业务,216,万元,合并经营收入,synthetic
R21-202403-B,区域21,2024-03,试点业务,17,万元,合并经营收入,synthetic
R21-202404-A,区域21,2024-04,核心业务,219,万元,合并经营收入,synthetic
R21-202404-B,区域21,2024-04,试点业务,18,万元,合并经营收入,synthetic
R21-202405-A,区域21,2024-05,核心业务,222,万元,合并经营收入,synthetic
R21-202405-B,区域21,2024-05,试点业务,18,万元,合并经营收入,synthetic
R21-202406-A,区域21,2024-06,核心业务,225,万元,合并经营收入,synthetic
R21-202406-B,区域21,2024-06,试点业务,18,万元,合并经营收入,synthetic
R21-202407-A,区域21,2024-07,核心业务,228,万元,合并经营收入,synthetic
R21-202407-B,区域21,2024-07,试点业务,18,万元,合并经营收入,synthetic
R21-202408-A,区域21,2024-08,核心业务,231,万元,合并经营收入,synthetic
R21-202408-B,区域21,2024-08,试点业务,18,万元,合并经营收入,synthetic
R21-202409-A,区域21,2024-09,核心业务,234,万元,合并经营收入,synthetic
R21-202409-B,区域21,2024-09,试点业务,19,万元,合并经营收入,synthetic
R21-202410-A,区域21,2024-10,核心业务,237,万元,合并经营收入,synthetic
R21-202410-B,区域21,2024-10,试点业务,19,万元,合并经营收入,synthetic
R21-202411-A,区域21,2024-11,核心业务,240,万元,合并经营收入,synthetic
R21-202411-B,区域21,2024-11,试点业务,19,万元,合并经营收入,synthetic
R21-202412-A,区域21,2024-12,核心业务,243,万元,合并经营收入,synthetic
R21-202412-B,区域21,2024-12,试点业务,19,万元,合并经营收入,synthetic
R21-202501-A,区域21,2025-01,核心业务,195,万元,合并经营收入,synthetic
R21-202501-B,区域21,2025-01,试点业务,21,万元,合并经营收入,synthetic
R21-202502-A,区域21,2025-02,核心业务,198,万元,合并经营收入,synthetic
R21-202502-B,区域21,2025-02,试点业务,21,万元,合并经营收入,synthetic
R21-202503-A,区域21,2025-03,核心业务,201,万元,合并经营收入,synthetic
R21-202503-B,区域21,2025-03,试点业务,22,万元,合并经营收入,synthetic
R21-202504-A,区域21,2025-04,核心业务,204,万元,合并经营收入,synthetic
R21-202504-B,区域21,2025-04,试点业务,22,万元,合并经营收入,synthetic
R21-202505-A,区域21,2025-05,核心业务,206,万元,合并经营收入,synthetic
R21-202505-B,区域21,2025-05,试点业务,22,万元,合并经营收入,synthetic
R21-202506-A,区域21,2025-06,核心业务,209,万元,合并经营收入,synthetic
R21-202506-B,区域21,2025-06,试点业务,23,万元,合并经营收入,synthetic
R21-202507-A,区域21,2025-07,核心业务,212,万元,合并经营收入,synthetic
R21-202507-B,区域21,2025-07,试点业务,23,万元,合并经营收入,synthetic
R21-202508-A,区域21,2025-08,核心业务,215,万元,合并经营收入,synthetic
R21-202508-B,区域21,2025-08,试点业务,23,万元,合并经营收入,synthetic
R21-202509-A,区域21,2025-09,核心业务,218,万元,合并经营收入,synthetic
R21-202509-B,区域21,2025-09,试点业务,23,万元,合并经营收入,synthetic
R21-202510-A,区域21,2025-10,核心业务,220,万元,合并经营收入,synthetic
R21-202510-B,区域21,2025-10,试点业务,24,万元,合并经营收入,synthetic
R21-202511-A,区域21,2025-11,核心业务,223,万元,合并经营收入,synthetic
R21-202511-B,区域21,2025-11,试点业务,24,万元,合并经营收入,synthetic
R21-202512-A,区域21,2025-12,核心业务,226,万元,合并经营收入,synthetic
R21-202512-B,区域21,2025-12,试点业务,24,万元,合并经营收入,synthetic
R22-202401-A,区域22,2024-01,核心业务,217,万元,合并经营收入,synthetic
R22-202401-B,区域22,2024-01,试点业务,17,万元,合并经营收入,synthetic
R22-202402-A,区域22,2024-02,核心业务,220,万元,合并经营收入,synthetic
R22-202402-B,区域22,2024-02,试点业务,18,万元,合并经营收入,synthetic
R22-202403-A,区域22,2024-03,核心业务,223,万元,合并经营收入,synthetic
R22-202403-B,区域22,2024-03,试点业务,18,万元,合并经营收入,synthetic
R22-202404-A,区域22,2024-04,核心业务,226,万元,合并经营收入,synthetic
R22-202404-B,区域22,2024-04,试点业务,18,万元,合并经营收入,synthetic
R22-202405-A,区域22,2024-05,核心业务,229,万元,合并经营收入,synthetic
R22-202405-B,区域22,2024-05,试点业务,18,万元,合并经营收入,synthetic
R22-202406-A,区域22,2024-06,核心业务,232,万元,合并经营收入,synthetic
R22-202406-B,区域22,2024-06,试点业务,19,万元,合并经营收入,synthetic
R22-202407-A,区域22,2024-07,核心业务,235,万元,合并经营收入,synthetic
R22-202407-B,区域22,2024-07,试点业务,19,万元,合并经营收入,synthetic
R22-202408-A,区域22,2024-08,核心业务,238,万元,合并经营收入,synthetic
R22-202408-B,区域22,2024-08,试点业务,19,万元,合并经营收入,synthetic
R22-202409-A,区域22,2024-09,核心业务,241,万元,合并经营收入,synthetic
R22-202409-B,区域22,2024-09,试点业务,19,万元,合并经营收入,synthetic
R22-202410-A,区域22,2024-10,核心业务,244,万元,合并经营收入,synthetic
R22-202410-B,区域22,2024-10,试点业务,20,万元,合并经营收入,synthetic
R22-202411-A,区域22,2024-11,核心业务,247,万元,合并经营收入,synthetic
R22-202411-B,区域22,2024-11,试点业务,20,万元,合并经营收入,synthetic
R22-202412-A,区域22,2024-12,核心业务,250,万元,合并经营收入,synthetic
R22-202412-B,区域22,2024-12,试点业务,20,万元,合并经营收入,synthetic
R22-202501-A,区域22,2025-01,核心业务,209,万元,合并经营收入,synthetic
R22-202501-B,区域22,2025-01,试点业务,22,万元,合并经营收入,synthetic
R22-202502-A,区域22,2025-02,核心业务,212,万元,合并经营收入,synthetic
R22-202502-B,区域22,2025-02,试点业务,22,万元,合并经营收入,synthetic
R22-202503-A,区域22,2025-03,核心业务,215,万元,合并经营收入,synthetic
R22-202503-B,区域22,2025-03,试点业务,22,万元,合并经营收入,synthetic
R22-202504-A,区域22,2025-04,核心业务,218,万元,合并经营收入,synthetic
R22-202504-B,区域22,2025-04,试点业务,23,万元,合并经营收入,synthetic
R22-202505-A,区域22,2025-05,核心业务,221,万元,合并经营收入,synthetic
R22-202505-B,区域22,2025-05,试点业务,23,万元,合并经营收入,synthetic
R22-202506-A,区域22,2025-06,核心业务,224,万元,合并经营收入,synthetic
R22-202506-B,区域22,2025-06,试点业务,23,万元,合并经营收入,synthetic
R22-202507-A,区域22,2025-07,核心业务,227,万元,合并经营收入,synthetic
R22-202507-B,区域22,2025-07,试点业务,24,万元,合并经营收入,synthetic
R22-202508-A,区域22,2025-08,核心业务,230,万元,合并经营收入,synthetic
R22-202508-B,区域22,2025-08,试点业务,24,万元,合并经营收入,synthetic
R22-202509-A,区域22,2025-09,核心业务,233,万元,合并经营收入,synthetic
R22-202509-B,区域22,2025-09,试点业务,24,万元,合并经营收入,synthetic
R22-202510-A,区域22,2025-10,核心业务,235,万元,合并经营收入,synthetic
R22-202510-B,区域22,2025-10,试点业务,24,万元,合并经营收入,synthetic
R22-202511-A,区域22,2025-11,核心业务,238,万元,合并经营收入,synthetic
R22-202511-B,区域22,2025-11,试点业务,25,万元,合并经营收入,synthetic
R22-202512-A,区域22,2025-12,核心业务,241,万元,合并经营收入,synthetic
R22-202512-B,区域22,2025-12,试点业务,25,万元,合并经营收入,synthetic
R23-202401-A,区域23,2024-01,核心业务,224,万元,合并经营收入,synthetic
R23-202401-B,区域23,2024-01,试点业务,18,万元,合并经营收入,synthetic
R23-202402-A,区域23,2024-02,核心业务,227,万元,合并经营收入,synthetic
R23-202402-B,区域23,2024-02,试点业务,18,万元,合并经营收入,synthetic
R23-202403-A,区域23,2024-03,核心业务,230,万元,合并经营收入,synthetic
R23-202403-B,区域23,2024-03,试点业务,18,万元,合并经营收入,synthetic
R23-202404-A,区域23,2024-04,核心业务,233,万元,合并经营收入,synthetic
R23-202404-B,区域23,2024-04,试点业务,19,万元,合并经营收入,synthetic
R23-202405-A,区域23,2024-05,核心业务,236,万元,合并经营收入,synthetic
R23-202405-B,区域23,2024-05,试点业务,19,万元,合并经营收入,synthetic
R23-202406-A,区域23,2024-06,核心业务,239,万元,合并经营收入,synthetic
R23-202406-B,区域23,2024-06,试点业务,19,万元,合并经营收入,synthetic
R23-202407-A,区域23,2024-07,核心业务,242,万元,合并经营收入,synthetic
R23-202407-B,区域23,2024-07,试点业务,19,万元,合并经营收入,synthetic
R23-202408-A,区域23,2024-08,核心业务,245,万元,合并经营收入,synthetic
R23-202408-B,区域23,2024-08,试点业务,20,万元,合并经营收入,synthetic
R23-202409-A,区域23,2024-09,核心业务,248,万元,合并经营收入,synthetic
R23-202409-B,区域23,2024-09,试点业务,20,万元,合并经营收入,synthetic
R23-202410-A,区域23,2024-10,核心业务,251,万元,合并经营收入,synthetic
R23-202410-B,区域23,2024-10,试点业务,20,万元,合并经营收入,synthetic
R23-202411-A,区域23,2024-11,核心业务,254,万元,合并经营收入,synthetic
R23-202411-B,区域23,2024-11,试点业务,20,万元,合并经营收入,synthetic
R23-202412-A,区域23,2024-12,核心业务,257,万元,合并经营收入,synthetic
R23-202412-B,区域23,2024-12,试点业务,21,万元,合并经营收入,synthetic
R23-202501-A,区域23,2025-01,核心业务,224,万元,合并经营收入,synthetic
R23-202501-B,区域23,2025-01,试点业务,22,万元,合并经营收入,synthetic
R23-202502-A,区域23,2025-02,核心业务,227,万元,合并经营收入,synthetic
R23-202502-B,区域23,2025-02,试点业务,23,万元,合并经营收入,synthetic
R23-202503-A,区域23,2025-03,核心业务,230,万元,合并经营收入,synthetic
R23-202503-B,区域23,2025-03,试点业务,23,万元,合并经营收入,synthetic
R23-202504-A,区域23,2025-04,核心业务,233,万元,合并经营收入,synthetic
R23-202504-B,区域23,2025-04,试点业务,23,万元,合并经营收入,synthetic
R23-202505-A,区域23,2025-05,核心业务,236,万元,合并经营收入,synthetic
R23-202505-B,区域23,2025-05,试点业务,24,万元,合并经营收入,synthetic
R23-202506-A,区域23,2025-06,核心业务,239,万元,合并经营收入,synthetic
R23-202506-B,区域23,2025-06,试点业务,24,万元,合并经营收入,synthetic
R23-202507-A,区域23,2025-07,核心业务,242,万元,合并经营收入,synthetic
R23-202507-B,区域23,2025-07,试点业务,24,万元,合并经营收入,synthetic
R23-202508-A,区域23,2025-08,核心业务,245,万元,合并经营收入,synthetic
R23-202508-B,区域23,2025-08,试点业务,25,万元,合并经营收入,synthetic
R23-202509-A,区域23,2025-09,核心业务,248,万元,合并经营收入,synthetic
R23-202509-B,区域23,2025-09,试点业务,25,万元,合并经营收入,synthetic
R23-202510-A,区域23,2025-10,核心业务,251,万元,合并经营收入,synthetic
R23-202510-B,区域23,2025-10,试点业务,25,万元,合并经营收入,synthetic
R23-202511-A,区域23,2025-11,核心业务,254,万元,合并经营收入,synthetic
R23-202511-B,区域23,2025-11,试点业务,25,万元,合并经营收入,synthetic
R23-202512-A,区域23,2025-12,核心业务,257,万元,合并经营收入,synthetic
R23-202512-B,区域23,2025-12,试点业务,26,万元,合并经营收入,synthetic
R24-202401-A,区域24,2024-01,核心业务,231,万元,合并经营收入,synthetic
R24-202401-B,区域24,2024-01,试点业务,18,万元,合并经营收入,synthetic
R24-202402-A,区域24,2024-02,核心业务,234,万元,合并经营收入,synthetic
R24-202402-B,区域24,2024-02,试点业务,19,万元,合并经营收入,synthetic
R24-202403-A,区域24,2024-03,核心业务,237,万元,合并经营收入,synthetic
R24-202403-B,区域24,2024-03,试点业务,19,万元,合并经营收入,synthetic
R24-202404-A,区域24,2024-04,核心业务,240,万元,合并经营收入,synthetic
R24-202404-B,区域24,2024-04,试点业务,19,万元,合并经营收入,synthetic
R24-202405-A,区域24,2024-05,核心业务,243,万元,合并经营收入,synthetic
R24-202405-B,区域24,2024-05,试点业务,19,万元,合并经营收入,synthetic
R24-202406-A,区域24,2024-06,核心业务,246,万元,合并经营收入,synthetic
R24-202406-B,区域24,2024-06,试点业务,20,万元,合并经营收入,synthetic
R24-202407-A,区域24,2024-07,核心业务,249,万元,合并经营收入,synthetic
R24-202407-B,区域24,2024-07,试点业务,20,万元,合并经营收入,synthetic
R24-202408-A,区域24,2024-08,核心业务,252,万元,合并经营收入,synthetic
R24-202408-B,区域24,2024-08,试点业务,20,万元,合并经营收入,synthetic
R24-202409-A,区域24,2024-09,核心业务,255,万元,合并经营收入,synthetic
R24-202409-B,区域24,2024-09,试点业务,20,万元,合并经营收入,synthetic
R24-202410-A,区域24,2024-10,核心业务,258,万元,合并经营收入,synthetic
R24-202410-B,区域24,2024-10,试点业务,21,万元,合并经营收入,synthetic
R24-202411-A,区域24,2024-11,核心业务,261,万元,合并经营收入,synthetic
R24-202411-B,区域24,2024-11,试点业务,21,万元,合并经营收入,synthetic
R24-202412-A,区域24,2024-12,核心业务,264,万元,合并经营收入,synthetic
R24-202412-B,区域24,2024-12,试点业务,21,万元,合并经营收入,synthetic
R24-202501-A,区域24,2025-01,核心业务,239,万元,合并经营收入,synthetic
R24-202501-B,区域24,2025-01,试点业务,1,万元,合并经营收入,synthetic
R24-202502-A,区域24,2025-02,核心业务,242,万元,合并经营收入,synthetic
R24-202502-B,区域24,2025-02,试点业务,1,万元,合并经营收入,synthetic
R24-202503-A,区域24,2025-03,核心业务,245,万元,合并经营收入,synthetic
R24-202503-B,区域24,2025-03,试点业务,0,万元,合并经营收入,synthetic
R24-202504-A,区域24,2025-04,核心业务,248,万元,合并经营收入,synthetic
R24-202504-B,区域24,2025-04,试点业务,1,万元,合并经营收入,synthetic
R24-202505-A,区域24,2025-05,核心业务,252,万元,合并经营收入,synthetic
R24-202505-B,区域24,2025-05,试点业务,1,万元,合并经营收入,synthetic
R24-202506-A,区域24,2025-06,核心业务,255,万元,合并经营收入,synthetic
R24-202506-B,区域24,2025-06,试点业务,0,万元,合并经营收入,synthetic
R24-202507-A,区域24,2025-07,核心业务,258,万元,合并经营收入,synthetic
R24-202507-B,区域24,2025-07,试点业务,1,万元,合并经营收入,synthetic
R24-202508-A,区域24,2025-08,核心业务,261,万元,合并经营收入,synthetic
R24-202508-B,区域24,2025-08,试点业务,1,万元,合并经营收入,synthetic
R24-202509-A,区域24,2025-09,核心业务,264,万元,合并经营收入,synthetic
R24-202509-B,区域24,2025-09,试点业务,0,万元,合并经营收入,synthetic
R24-202510-A,区域24,2025-10,核心业务,267,万元,合并经营收入,synthetic
R24-202510-B,区域24,2025-10,试点业务,1,万元,合并经营收入,synthetic
R24-202511-A,区域24,2025-11,核心业务,270,万元,合并经营收入,synthetic
R24-202511-B,区域24,2025-11,试点业务,1,万元,合并经营收入,synthetic
R24-202512-A,区域24,2025-12,核心业务,273,万元,合并经营收入,synthetic
R24-202512-B,区域24,2025-12,试点业务,0,万元,合并经营收入,synthetic
